--
-- PostgreSQL database dump
--

\restrict 5kqj5LxPA6HwH86cpFihO99c9UaSFqi42x1eACutae2u6GOaVsxxXsnGdgbRGYG

-- Dumped from database version 18.3 (Debian 18.3-1.pgdg13+1)
-- Dumped by pg_dump version 18.3 (Debian 18.3-1.pgdg13+1)

SET statement_timeout = 0;
SET lock_timeout = 0;
SET idle_in_transaction_session_timeout = 0;
SET transaction_timeout = 0;
SET client_encoding = 'UTF8';
SET standard_conforming_strings = on;
SELECT pg_catalog.set_config('search_path', '', false);
SET check_function_bodies = false;
SET xmloption = content;
SET client_min_messages = warning;
SET row_security = off;

--
-- Name: tiktaktuk; Type: SCHEMA; Schema: -; Owner: widya.mutia
--

CREATE SCHEMA tiktaktuk;


ALTER SCHEMA tiktaktuk OWNER TO "widya.mutia";

--
-- Name: check_seat_delete_func(); Type: FUNCTION; Schema: tiktaktuk; Owner: widya.mutia
--

CREATE FUNCTION tiktaktuk.check_seat_delete_func() RETURNS trigger
    LANGUAGE plpgsql
    AS $$
BEGIN
    IF EXISTS (SELECT 1 FROM tiktaktuk.HAS_RELATIONSHIP WHERE seat_id = OLD.seat_id) THEN
        RAISE EXCEPTION 'Kursi % - Baris % No. % tidak dapat dihapus karena sudah terisi.', 
                        OLD.section, OLD.row_number, OLD.seat_number;
    END IF;
    RETURN OLD;
END;
$$;


ALTER FUNCTION tiktaktuk.check_seat_delete_func() OWNER TO "widya.mutia";

--
-- Name: check_ticket_quota_func(); Type: FUNCTION; Schema: tiktaktuk; Owner: widya.mutia
--

CREATE FUNCTION tiktaktuk.check_ticket_quota_func() RETURNS trigger
    LANGUAGE plpgsql
    AS $$
DECLARE
    v_quota INTEGER;
    v_sold INTEGER;
    v_category_name VARCHAR;
BEGIN
    SELECT quota, category_name INTO v_quota, v_category_name
    FROM tiktaktuk.TICKET_CATEGORY WHERE category_id = NEW.tcategory_id;
    SELECT COUNT(*) INTO v_sold FROM tiktaktuk.TICKET WHERE tcategory_id = NEW.tcategory_id;
    IF v_sold >= v_quota THEN
        RAISE EXCEPTION 'Kuota kategori tiket "%" sudah penuh. Tidak dapat membuat tiket baru.', 
                        v_category_name;
    END IF;
    RETURN NEW;
END;
$$;


ALTER FUNCTION tiktaktuk.check_ticket_quota_func() OWNER TO "widya.mutia";

SET default_tablespace = '';

SET default_table_access_method = heap;

--
-- Name: ORDER; Type: TABLE; Schema: tiktaktuk; Owner: widya.mutia
--

CREATE TABLE tiktaktuk."ORDER" (
    order_id uuid DEFAULT tiktaktuk.uuid_generate_v4() NOT NULL,
    order_date timestamp without time zone NOT NULL,
    payment_status character varying(20) NOT NULL,
    total_amount numeric(12,2) DEFAULT 0 NOT NULL,
    customer_id uuid NOT NULL,
    CONSTRAINT totalamount_check CHECK ((total_amount >= (0)::numeric))
);


ALTER TABLE tiktaktuk."ORDER" OWNER TO "widya.mutia";

--
-- Name: account_role; Type: TABLE; Schema: tiktaktuk; Owner: widya.mutia
--

CREATE TABLE tiktaktuk.account_role (
    role_id uuid NOT NULL,
    user_id uuid NOT NULL
);


ALTER TABLE tiktaktuk.account_role OWNER TO "widya.mutia";

--
-- Name: artist; Type: TABLE; Schema: tiktaktuk; Owner: widya.mutia
--

CREATE TABLE tiktaktuk.artist (
    artist_id uuid DEFAULT tiktaktuk.uuid_generate_v4() NOT NULL,
    name character varying(100) NOT NULL,
    genre character varying(100)
);


ALTER TABLE tiktaktuk.artist OWNER TO "widya.mutia";

--
-- Name: auth_group; Type: TABLE; Schema: tiktaktuk; Owner: widya.mutia
--

CREATE TABLE tiktaktuk.auth_group (
    id integer NOT NULL,
    name character varying(150) NOT NULL
);


ALTER TABLE tiktaktuk.auth_group OWNER TO "widya.mutia";

--
-- Name: auth_group_id_seq; Type: SEQUENCE; Schema: tiktaktuk; Owner: widya.mutia
--

ALTER TABLE tiktaktuk.auth_group ALTER COLUMN id ADD GENERATED BY DEFAULT AS IDENTITY (
    SEQUENCE NAME tiktaktuk.auth_group_id_seq
    START WITH 1
    INCREMENT BY 1
    NO MINVALUE
    NO MAXVALUE
    CACHE 1
);


--
-- Name: auth_group_permissions; Type: TABLE; Schema: tiktaktuk; Owner: widya.mutia
--

CREATE TABLE tiktaktuk.auth_group_permissions (
    id integer NOT NULL,
    group_id integer NOT NULL,
    permission_id integer NOT NULL
);


ALTER TABLE tiktaktuk.auth_group_permissions OWNER TO "widya.mutia";

--
-- Name: auth_group_permissions_id_seq; Type: SEQUENCE; Schema: tiktaktuk; Owner: widya.mutia
--

ALTER TABLE tiktaktuk.auth_group_permissions ALTER COLUMN id ADD GENERATED BY DEFAULT AS IDENTITY (
    SEQUENCE NAME tiktaktuk.auth_group_permissions_id_seq
    START WITH 1
    INCREMENT BY 1
    NO MINVALUE
    NO MAXVALUE
    CACHE 1
);


--
-- Name: auth_permission; Type: TABLE; Schema: tiktaktuk; Owner: widya.mutia
--

CREATE TABLE tiktaktuk.auth_permission (
    id integer NOT NULL,
    name character varying(255) NOT NULL,
    content_type_id integer NOT NULL,
    codename character varying(100) NOT NULL
);


ALTER TABLE tiktaktuk.auth_permission OWNER TO "widya.mutia";

--
-- Name: auth_permission_id_seq; Type: SEQUENCE; Schema: tiktaktuk; Owner: widya.mutia
--

ALTER TABLE tiktaktuk.auth_permission ALTER COLUMN id ADD GENERATED BY DEFAULT AS IDENTITY (
    SEQUENCE NAME tiktaktuk.auth_permission_id_seq
    START WITH 1
    INCREMENT BY 1
    NO MINVALUE
    NO MAXVALUE
    CACHE 1
);


--
-- Name: auth_user; Type: TABLE; Schema: tiktaktuk; Owner: widya.mutia
--

CREATE TABLE tiktaktuk.auth_user (
    id integer NOT NULL,
    password character varying(128) NOT NULL,
    last_login timestamp with time zone,
    is_superuser boolean NOT NULL,
    username character varying(150) NOT NULL,
    first_name character varying(150) NOT NULL,
    last_name character varying(150) NOT NULL,
    email character varying(254) NOT NULL,
    is_staff boolean NOT NULL,
    is_active boolean NOT NULL,
    date_joined timestamp with time zone NOT NULL
);


ALTER TABLE tiktaktuk.auth_user OWNER TO "widya.mutia";

--
-- Name: auth_user_groups; Type: TABLE; Schema: tiktaktuk; Owner: widya.mutia
--

CREATE TABLE tiktaktuk.auth_user_groups (
    id integer NOT NULL,
    user_id integer NOT NULL,
    group_id integer NOT NULL
);


ALTER TABLE tiktaktuk.auth_user_groups OWNER TO "widya.mutia";

--
-- Name: auth_user_groups_id_seq; Type: SEQUENCE; Schema: tiktaktuk; Owner: widya.mutia
--

ALTER TABLE tiktaktuk.auth_user_groups ALTER COLUMN id ADD GENERATED BY DEFAULT AS IDENTITY (
    SEQUENCE NAME tiktaktuk.auth_user_groups_id_seq
    START WITH 1
    INCREMENT BY 1
    NO MINVALUE
    NO MAXVALUE
    CACHE 1
);


--
-- Name: auth_user_id_seq; Type: SEQUENCE; Schema: tiktaktuk; Owner: widya.mutia
--

ALTER TABLE tiktaktuk.auth_user ALTER COLUMN id ADD GENERATED BY DEFAULT AS IDENTITY (
    SEQUENCE NAME tiktaktuk.auth_user_id_seq
    START WITH 1
    INCREMENT BY 1
    NO MINVALUE
    NO MAXVALUE
    CACHE 1
);


--
-- Name: auth_user_user_permissions; Type: TABLE; Schema: tiktaktuk; Owner: widya.mutia
--

CREATE TABLE tiktaktuk.auth_user_user_permissions (
    id integer NOT NULL,
    user_id integer NOT NULL,
    permission_id integer NOT NULL
);


ALTER TABLE tiktaktuk.auth_user_user_permissions OWNER TO "widya.mutia";

--
-- Name: auth_user_user_permissions_id_seq; Type: SEQUENCE; Schema: tiktaktuk; Owner: widya.mutia
--

ALTER TABLE tiktaktuk.auth_user_user_permissions ALTER COLUMN id ADD GENERATED BY DEFAULT AS IDENTITY (
    SEQUENCE NAME tiktaktuk.auth_user_user_permissions_id_seq
    START WITH 1
    INCREMENT BY 1
    NO MINVALUE
    NO MAXVALUE
    CACHE 1
);


--
-- Name: core_hasrelationship; Type: TABLE; Schema: tiktaktuk; Owner: widya.mutia
--

CREATE TABLE tiktaktuk.core_hasrelationship (
    id bigint NOT NULL,
    ticket_id character varying(50) NOT NULL,
    seat_id bigint NOT NULL
);


ALTER TABLE tiktaktuk.core_hasrelationship OWNER TO "widya.mutia";

--
-- Name: core_hasrelationship_id_seq; Type: SEQUENCE; Schema: tiktaktuk; Owner: widya.mutia
--

ALTER TABLE tiktaktuk.core_hasrelationship ALTER COLUMN id ADD GENERATED BY DEFAULT AS IDENTITY (
    SEQUENCE NAME tiktaktuk.core_hasrelationship_id_seq
    START WITH 1
    INCREMENT BY 1
    NO MINVALUE
    NO MAXVALUE
    CACHE 1
);


--
-- Name: core_seat; Type: TABLE; Schema: tiktaktuk; Owner: widya.mutia
--

CREATE TABLE tiktaktuk.core_seat (
    id bigint NOT NULL,
    section character varying(50) NOT NULL,
    "row" character varying(10) NOT NULL,
    seat_number integer NOT NULL,
    venue_id bigint NOT NULL
);


ALTER TABLE tiktaktuk.core_seat OWNER TO "widya.mutia";

--
-- Name: core_seat_id_seq; Type: SEQUENCE; Schema: tiktaktuk; Owner: widya.mutia
--

ALTER TABLE tiktaktuk.core_seat ALTER COLUMN id ADD GENERATED BY DEFAULT AS IDENTITY (
    SEQUENCE NAME tiktaktuk.core_seat_id_seq
    START WITH 1
    INCREMENT BY 1
    NO MINVALUE
    NO MAXVALUE
    CACHE 1
);


--
-- Name: core_venue; Type: TABLE; Schema: tiktaktuk; Owner: widya.mutia
--

CREATE TABLE tiktaktuk.core_venue (
    id bigint NOT NULL,
    nama_venue character varying(255) NOT NULL
);


ALTER TABLE tiktaktuk.core_venue OWNER TO "widya.mutia";

--
-- Name: core_venue_id_seq; Type: SEQUENCE; Schema: tiktaktuk; Owner: widya.mutia
--

ALTER TABLE tiktaktuk.core_venue ALTER COLUMN id ADD GENERATED BY DEFAULT AS IDENTITY (
    SEQUENCE NAME tiktaktuk.core_venue_id_seq
    START WITH 1
    INCREMENT BY 1
    NO MINVALUE
    NO MAXVALUE
    CACHE 1
);


--
-- Name: customer; Type: TABLE; Schema: tiktaktuk; Owner: widya.mutia
--

CREATE TABLE tiktaktuk.customer (
    customer_id uuid DEFAULT tiktaktuk.uuid_generate_v4() NOT NULL,
    full_name character varying(100) NOT NULL,
    phone_number character varying(20),
    user_id uuid NOT NULL
);


ALTER TABLE tiktaktuk.customer OWNER TO "widya.mutia";

--
-- Name: django_admin_log; Type: TABLE; Schema: tiktaktuk; Owner: widya.mutia
--

CREATE TABLE tiktaktuk.django_admin_log (
    id integer NOT NULL,
    action_time timestamp with time zone NOT NULL,
    object_id text,
    object_repr character varying(200) NOT NULL,
    action_flag smallint NOT NULL,
    change_message text NOT NULL,
    content_type_id integer,
    user_id integer NOT NULL,
    CONSTRAINT django_admin_log_action_flag_check CHECK ((action_flag >= 0))
);


ALTER TABLE tiktaktuk.django_admin_log OWNER TO "widya.mutia";

--
-- Name: django_admin_log_id_seq; Type: SEQUENCE; Schema: tiktaktuk; Owner: widya.mutia
--

ALTER TABLE tiktaktuk.django_admin_log ALTER COLUMN id ADD GENERATED BY DEFAULT AS IDENTITY (
    SEQUENCE NAME tiktaktuk.django_admin_log_id_seq
    START WITH 1
    INCREMENT BY 1
    NO MINVALUE
    NO MAXVALUE
    CACHE 1
);


--
-- Name: django_content_type; Type: TABLE; Schema: tiktaktuk; Owner: widya.mutia
--

CREATE TABLE tiktaktuk.django_content_type (
    id integer NOT NULL,
    app_label character varying(100) NOT NULL,
    model character varying(100) NOT NULL
);


ALTER TABLE tiktaktuk.django_content_type OWNER TO "widya.mutia";

--
-- Name: django_content_type_id_seq; Type: SEQUENCE; Schema: tiktaktuk; Owner: widya.mutia
--

ALTER TABLE tiktaktuk.django_content_type ALTER COLUMN id ADD GENERATED BY DEFAULT AS IDENTITY (
    SEQUENCE NAME tiktaktuk.django_content_type_id_seq
    START WITH 1
    INCREMENT BY 1
    NO MINVALUE
    NO MAXVALUE
    CACHE 1
);


--
-- Name: django_migrations; Type: TABLE; Schema: tiktaktuk; Owner: widya.mutia
--

CREATE TABLE tiktaktuk.django_migrations (
    id integer NOT NULL,
    app character varying(255) NOT NULL,
    name character varying(255) NOT NULL,
    applied timestamp with time zone NOT NULL
);


ALTER TABLE tiktaktuk.django_migrations OWNER TO "widya.mutia";

--
-- Name: django_migrations_id_seq; Type: SEQUENCE; Schema: tiktaktuk; Owner: widya.mutia
--

ALTER TABLE tiktaktuk.django_migrations ALTER COLUMN id ADD GENERATED BY DEFAULT AS IDENTITY (
    SEQUENCE NAME tiktaktuk.django_migrations_id_seq
    START WITH 1
    INCREMENT BY 1
    NO MINVALUE
    NO MAXVALUE
    CACHE 1
);


--
-- Name: django_session; Type: TABLE; Schema: tiktaktuk; Owner: widya.mutia
--

CREATE TABLE tiktaktuk.django_session (
    session_key character varying(40) NOT NULL,
    session_data text NOT NULL,
    expire_date timestamp with time zone NOT NULL
);


ALTER TABLE tiktaktuk.django_session OWNER TO "widya.mutia";

--
-- Name: event; Type: TABLE; Schema: tiktaktuk; Owner: widya.mutia
--

CREATE TABLE tiktaktuk.event (
    event_id uuid DEFAULT tiktaktuk.uuid_generate_v4() NOT NULL,
    event_datetime timestamp without time zone NOT NULL,
    event_title character varying(200) NOT NULL,
    venue_id uuid NOT NULL,
    organizer_id uuid NOT NULL
);


ALTER TABLE tiktaktuk.event OWNER TO "widya.mutia";

--
-- Name: event_artist; Type: TABLE; Schema: tiktaktuk; Owner: widya.mutia
--

CREATE TABLE tiktaktuk.event_artist (
    event_id uuid NOT NULL,
    artist_id uuid NOT NULL,
    role character varying(100)
);


ALTER TABLE tiktaktuk.event_artist OWNER TO "widya.mutia";

--
-- Name: has_relationship; Type: TABLE; Schema: tiktaktuk; Owner: widya.mutia
--

CREATE TABLE tiktaktuk.has_relationship (
    seat_id uuid NOT NULL,
    ticket_id uuid NOT NULL
);


ALTER TABLE tiktaktuk.has_relationship OWNER TO "widya.mutia";

--
-- Name: order_promotion; Type: TABLE; Schema: tiktaktuk; Owner: widya.mutia
--

CREATE TABLE tiktaktuk.order_promotion (
    order_promotion_id uuid DEFAULT tiktaktuk.uuid_generate_v4() NOT NULL,
    promotion_id uuid NOT NULL,
    order_id uuid NOT NULL
);


ALTER TABLE tiktaktuk.order_promotion OWNER TO "widya.mutia";

--
-- Name: organizer; Type: TABLE; Schema: tiktaktuk; Owner: widya.mutia
--

CREATE TABLE tiktaktuk.organizer (
    organizer_id uuid DEFAULT tiktaktuk.uuid_generate_v4() NOT NULL,
    organizer_name character varying(100) NOT NULL,
    contact_email character varying(100),
    user_id uuid NOT NULL
);


ALTER TABLE tiktaktuk.organizer OWNER TO "widya.mutia";

--
-- Name: promotion; Type: TABLE; Schema: tiktaktuk; Owner: widya.mutia
--

CREATE TABLE tiktaktuk.promotion (
    promotion_id uuid DEFAULT tiktaktuk.uuid_generate_v4() NOT NULL,
    promo_code character varying(50) NOT NULL,
    discount_type character varying(20) DEFAULT 'NOMINAL'::character varying NOT NULL,
    discount_value numeric(12,2) DEFAULT 1 NOT NULL,
    start_date date NOT NULL,
    end_date date NOT NULL,
    usage_limit integer DEFAULT 1 NOT NULL,
    CONSTRAINT discounttype_check CHECK (((discount_type)::text = ANY ((ARRAY['NOMINAL'::character varying, 'PERCENTAGE'::character varying])::text[]))),
    CONSTRAINT discountvalue_check CHECK ((discount_value > (0)::numeric)),
    CONSTRAINT usagelimit_check CHECK ((usage_limit > 0))
);


ALTER TABLE tiktaktuk.promotion OWNER TO "widya.mutia";

--
-- Name: role; Type: TABLE; Schema: tiktaktuk; Owner: widya.mutia
--

CREATE TABLE tiktaktuk.role (
    role_id uuid DEFAULT tiktaktuk.uuid_generate_v4() NOT NULL,
    role_name character varying(50) NOT NULL
);


ALTER TABLE tiktaktuk.role OWNER TO "widya.mutia";

--
-- Name: seat; Type: TABLE; Schema: tiktaktuk; Owner: widya.mutia
--

CREATE TABLE tiktaktuk.seat (
    seat_id uuid DEFAULT tiktaktuk.uuid_generate_v4() NOT NULL,
    section character varying(50) NOT NULL,
    seat_number character varying(10) NOT NULL,
    row_number character varying(10) NOT NULL,
    venue_id uuid NOT NULL,
    CONSTRAINT check_seat_number_positive CHECK (((seat_number)::text ~ '^[1-9][0-9]*$'::text))
);


ALTER TABLE tiktaktuk.seat OWNER TO "widya.mutia";

--
-- Name: ticket; Type: TABLE; Schema: tiktaktuk; Owner: widya.mutia
--

CREATE TABLE tiktaktuk.ticket (
    ticket_id uuid DEFAULT tiktaktuk.uuid_generate_v4() NOT NULL,
    ticket_code character varying(100) NOT NULL,
    tcategory_id uuid NOT NULL,
    torder_id uuid NOT NULL,
    status character varying(20) DEFAULT 'VALID'::character varying
);


ALTER TABLE tiktaktuk.ticket OWNER TO "widya.mutia";

--
-- Name: ticket_category; Type: TABLE; Schema: tiktaktuk; Owner: widya.mutia
--

CREATE TABLE tiktaktuk.ticket_category (
    category_id uuid DEFAULT tiktaktuk.uuid_generate_v4() NOT NULL,
    category_name character varying(50) NOT NULL,
    quota integer DEFAULT 1 NOT NULL,
    price numeric(12,2) DEFAULT 0 NOT NULL,
    tevent_id uuid NOT NULL,
    CONSTRAINT price_check CHECK ((price >= (0)::numeric)),
    CONSTRAINT quota_check CHECK ((quota > 0))
);


ALTER TABLE tiktaktuk.ticket_category OWNER TO "widya.mutia";

--
-- Name: user_account; Type: TABLE; Schema: tiktaktuk; Owner: widya.mutia
--

CREATE TABLE tiktaktuk.user_account (
    user_id uuid DEFAULT tiktaktuk.uuid_generate_v4() NOT NULL,
    username character varying(100) NOT NULL,
    password character varying(255) NOT NULL
);


ALTER TABLE tiktaktuk.user_account OWNER TO "widya.mutia";

--
-- Name: venue; Type: TABLE; Schema: tiktaktuk; Owner: widya.mutia
--

CREATE TABLE tiktaktuk.venue (
    venue_id uuid DEFAULT tiktaktuk.uuid_generate_v4() NOT NULL,
    venue_name character varying(100) NOT NULL,
    capacity integer DEFAULT 1 NOT NULL,
    address text NOT NULL,
    city character varying(100) NOT NULL,
    jenis_seating character varying(20) NOT NULL,
    CONSTRAINT capacity_check CHECK ((capacity > 0)),
    CONSTRAINT jenis_seating_check CHECK (((jenis_seating)::text = ANY ((ARRAY['Free Seating'::character varying, 'Reserved Seating'::character varying])::text[])))
);


ALTER TABLE tiktaktuk.venue OWNER TO "widya.mutia";

--
-- Data for Name: ORDER; Type: TABLE DATA; Schema: tiktaktuk; Owner: widya.mutia
--

COPY tiktaktuk."ORDER" (order_id, order_date, payment_status, total_amount, customer_id) FROM stdin;
b0000000-0000-0000-0000-000000000001	2026-04-10 14:32:00	LUNAS	1200000.00	30000000-0000-0000-0000-000000000001
b0000000-0000-0000-0000-000000000002	2026-04-11 09:15:00	LUNAS	150000.00	30000000-0000-0000-0000-000000000001
b0000000-0000-0000-0000-000000000003	2026-04-12 18:44:00	PENDING	1500000.00	30000000-0000-0000-0000-000000000002
b0000000-0000-0000-0000-000000000004	2026-04-13 11:00:00	DIBATALKAN	700000.00	30000000-0000-0000-0000-000000000002
b0000000-0000-0000-0000-000000000005	2026-04-14 10:20:00	LUNAS	900000.00	30000000-0000-0000-0000-000000000003
b0000000-0000-0000-0000-000000000006	2026-04-15 15:30:00	LUNAS	500000.00	30000000-0000-0000-0000-000000000003
b0000000-0000-0000-0000-000000000007	2026-04-16 08:45:00	PENDING	250000.00	30000000-0000-0000-0000-000000000004
b0000000-0000-0000-0000-000000000008	2026-04-17 12:10:00	LUNAS	1200000.00	30000000-0000-0000-0000-000000000004
b0000000-0000-0000-0000-000000000009	2026-04-18 19:25:00	LUNAS	450000.00	30000000-0000-0000-0000-000000000005
b0000000-0000-0000-0000-000000000010	2026-04-19 14:05:00	DIBATALKAN	300000.00	30000000-0000-0000-0000-000000000005
b0000000-0000-0000-0000-000000000011	2026-04-20 21:50:00	LUNAS	2000000.00	30000000-0000-0000-0000-000000000006
b0000000-0000-0000-0000-000000000012	2026-04-21 07:15:00	PENDING	150000.00	30000000-0000-0000-0000-000000000006
\.


--
-- Data for Name: account_role; Type: TABLE DATA; Schema: tiktaktuk; Owner: widya.mutia
--

COPY tiktaktuk.account_role (role_id, user_id) FROM stdin;
10000000-0000-0000-0000-000000000001	20000000-0000-0000-0000-000000000001
10000000-0000-0000-0000-000000000001	20000000-0000-0000-0000-000000000002
10000000-0000-0000-0000-000000000002	20000000-0000-0000-0000-000000000003
10000000-0000-0000-0000-000000000002	20000000-0000-0000-0000-000000000004
10000000-0000-0000-0000-000000000002	20000000-0000-0000-0000-000000000005
10000000-0000-0000-0000-000000000002	20000000-0000-0000-0000-000000000006
10000000-0000-0000-0000-000000000003	20000000-0000-0000-0000-000000000007
10000000-0000-0000-0000-000000000003	20000000-0000-0000-0000-000000000008
10000000-0000-0000-0000-000000000003	20000000-0000-0000-0000-000000000009
10000000-0000-0000-0000-000000000003	20000000-0000-0000-0000-000000000010
10000000-0000-0000-0000-000000000003	20000000-0000-0000-0000-000000000011
10000000-0000-0000-0000-000000000003	20000000-0000-0000-0000-000000000012
10000000-0000-0000-0000-000000000003	20000000-0000-0000-0000-000000000013
10000000-0000-0000-0000-000000000003	20000000-0000-0000-0000-000000000014
10000000-0000-0000-0000-000000000003	20000000-0000-0000-0000-000000000015
10000000-0000-0000-0000-000000000003	20000000-0000-0000-0000-000000000016
\.


--
-- Data for Name: artist; Type: TABLE DATA; Schema: tiktaktuk; Owner: widya.mutia
--

COPY tiktaktuk.artist (artist_id, name, genre) FROM stdin;
70000000-0000-0000-0000-000000000001	Fourtwnty	Indie Folk
70000000-0000-0000-0000-000000000002	Hindia	Indie Pop
70000000-0000-0000-0000-000000000003	Tulus	Pop
70000000-0000-0000-0000-000000000004	Nadin Amizah	Folk
70000000-0000-0000-0000-000000000005	Pamungkas	Singer-Songwriter
70000000-0000-0000-0000-000000000006	Raisa	R&B / Pop
70000000-0000-0000-0000-000000000007	Sheila On 7	Pop Rock
70000000-0000-0000-0000-000000000008	Dewa 19	Pop
97de1b5f-dc05-4bc8-b5e6-594bb1a43753	HiFi	Indie
\.


--
-- Data for Name: auth_group; Type: TABLE DATA; Schema: tiktaktuk; Owner: widya.mutia
--

COPY tiktaktuk.auth_group (id, name) FROM stdin;
\.


--
-- Data for Name: auth_group_permissions; Type: TABLE DATA; Schema: tiktaktuk; Owner: widya.mutia
--

COPY tiktaktuk.auth_group_permissions (id, group_id, permission_id) FROM stdin;
\.


--
-- Data for Name: auth_permission; Type: TABLE DATA; Schema: tiktaktuk; Owner: widya.mutia
--

COPY tiktaktuk.auth_permission (id, name, content_type_id, codename) FROM stdin;
1	Can add log entry	1	add_logentry
2	Can change log entry	1	change_logentry
3	Can delete log entry	1	delete_logentry
4	Can view log entry	1	view_logentry
5	Can add permission	2	add_permission
6	Can change permission	2	change_permission
7	Can delete permission	2	delete_permission
8	Can view permission	2	view_permission
9	Can add group	3	add_group
10	Can change group	3	change_group
11	Can delete group	3	delete_group
12	Can view group	3	view_group
13	Can add user	4	add_user
14	Can change user	4	change_user
15	Can delete user	4	delete_user
16	Can view user	4	view_user
17	Can add content type	5	add_contenttype
18	Can change content type	5	change_contenttype
19	Can delete content type	5	delete_contenttype
20	Can view content type	5	view_contenttype
21	Can add session	6	add_session
22	Can change session	6	change_session
23	Can delete session	6	delete_session
24	Can view session	6	view_session
25	Can add seat	7	add_seat
26	Can change seat	7	change_seat
27	Can delete seat	7	delete_seat
28	Can view seat	7	view_seat
29	Can add venue	8	add_venue
30	Can change venue	8	change_venue
31	Can delete venue	8	delete_venue
32	Can view venue	8	view_venue
33	Can add has relationship	9	add_hasrelationship
34	Can change has relationship	9	change_hasrelationship
35	Can delete has relationship	9	delete_hasrelationship
36	Can view has relationship	9	view_hasrelationship
37	Can add artist	10	add_artist
38	Can change artist	10	change_artist
39	Can delete artist	10	delete_artist
40	Can view artist	10	view_artist
41	Can add event	11	add_event
42	Can change event	11	change_event
43	Can delete event	11	delete_event
44	Can view event	11	view_event
45	Can add event artist	12	add_eventartist
46	Can change event artist	12	change_eventartist
47	Can delete event artist	12	delete_eventartist
48	Can view event artist	12	view_eventartist
49	Can add order	13	add_order
50	Can change order	13	change_order
51	Can delete order	13	delete_order
52	Can view order	13	view_order
53	Can add order promotion	14	add_orderpromotion
54	Can change order promotion	14	change_orderpromotion
55	Can delete order promotion	14	delete_orderpromotion
56	Can view order promotion	14	view_orderpromotion
57	Can add promotion	15	add_promotion
58	Can change promotion	15	change_promotion
59	Can delete promotion	15	delete_promotion
60	Can view promotion	15	view_promotion
61	Can add ticket	16	add_ticket
62	Can change ticket	16	change_ticket
63	Can delete ticket	16	delete_ticket
64	Can view ticket	16	view_ticket
65	Can add ticket category	17	add_ticketcategory
66	Can change ticket category	17	change_ticketcategory
67	Can delete ticket category	17	delete_ticketcategory
68	Can view ticket category	17	view_ticketcategory
69	Can add account role	18	add_accountrole
70	Can change account role	18	change_accountrole
71	Can delete account role	18	delete_accountrole
72	Can view account role	18	view_accountrole
73	Can add customer	19	add_customer
74	Can change customer	19	change_customer
75	Can delete customer	19	delete_customer
76	Can view customer	19	view_customer
77	Can add organizer	20	add_organizer
78	Can change organizer	20	change_organizer
79	Can delete organizer	20	delete_organizer
80	Can view organizer	20	view_organizer
81	Can add role	21	add_role
82	Can change role	21	change_role
83	Can delete role	21	delete_role
84	Can view role	21	view_role
85	Can add user account	22	add_useraccount
86	Can change user account	22	change_useraccount
87	Can delete user account	22	delete_useraccount
88	Can view user account	22	view_useraccount
\.


--
-- Data for Name: auth_user; Type: TABLE DATA; Schema: tiktaktuk; Owner: widya.mutia
--

COPY tiktaktuk.auth_user (id, password, last_login, is_superuser, username, first_name, last_name, email, is_staff, is_active, date_joined) FROM stdin;
\.


--
-- Data for Name: auth_user_groups; Type: TABLE DATA; Schema: tiktaktuk; Owner: widya.mutia
--

COPY tiktaktuk.auth_user_groups (id, user_id, group_id) FROM stdin;
\.


--
-- Data for Name: auth_user_user_permissions; Type: TABLE DATA; Schema: tiktaktuk; Owner: widya.mutia
--

COPY tiktaktuk.auth_user_user_permissions (id, user_id, permission_id) FROM stdin;
\.


--
-- Data for Name: core_hasrelationship; Type: TABLE DATA; Schema: tiktaktuk; Owner: widya.mutia
--

COPY tiktaktuk.core_hasrelationship (id, ticket_id, seat_id) FROM stdin;
\.


--
-- Data for Name: core_seat; Type: TABLE DATA; Schema: tiktaktuk; Owner: widya.mutia
--

COPY tiktaktuk.core_seat (id, section, "row", seat_number, venue_id) FROM stdin;
\.


--
-- Data for Name: core_venue; Type: TABLE DATA; Schema: tiktaktuk; Owner: widya.mutia
--

COPY tiktaktuk.core_venue (id, nama_venue) FROM stdin;
\.


--
-- Data for Name: customer; Type: TABLE DATA; Schema: tiktaktuk; Owner: widya.mutia
--

COPY tiktaktuk.customer (customer_id, full_name, phone_number, user_id) FROM stdin;
30000000-0000-0000-0000-000000000002	Siti Rahayu	+62812345679	20000000-0000-0000-0000-000000000008
30000000-0000-0000-0000-000000000003	Joko Susilo	+62812345680	20000000-0000-0000-0000-000000000009
30000000-0000-0000-0000-000000000004	Rini Wati	+62812345681	20000000-0000-0000-0000-000000000010
30000000-0000-0000-0000-000000000005	Andi Pratama	+62812345682	20000000-0000-0000-0000-000000000011
30000000-0000-0000-0000-000000000006	Maya Sari	+62812345683	20000000-0000-0000-0000-000000000012
30000000-0000-0000-0000-000000000007	Eka Putri	+62812345684	20000000-0000-0000-0000-000000000013
30000000-0000-0000-0000-000000000008	Luna Wijaya	+62812345685	20000000-0000-0000-0000-000000000014
30000000-0000-0000-0000-000000000009	Zara Malik	+62812345686	20000000-0000-0000-0000-000000000015
30000000-0000-0000-0000-000000000010	Tomas Hidayat	+62812345687	20000000-0000-0000-0000-000000000016
30000000-0000-0000-0000-000000000001	Budi Santoso	+62812345678	20000000-0000-0000-0000-000000000007
\.


--
-- Data for Name: django_admin_log; Type: TABLE DATA; Schema: tiktaktuk; Owner: widya.mutia
--

COPY tiktaktuk.django_admin_log (id, action_time, object_id, object_repr, action_flag, change_message, content_type_id, user_id) FROM stdin;
\.


--
-- Data for Name: django_content_type; Type: TABLE DATA; Schema: tiktaktuk; Owner: widya.mutia
--

COPY tiktaktuk.django_content_type (id, app_label, model) FROM stdin;
1	admin	logentry
2	auth	permission
3	auth	group
4	auth	user
5	contenttypes	contenttype
6	sessions	session
7	core	seat
8	core	venue
9	core	hasrelationship
10	core	artist
11	core	event
12	core	eventartist
13	core	order
14	core	orderpromotion
15	core	promotion
16	core	ticket
17	core	ticketcategory
18	authentication	accountrole
19	authentication	customer
20	authentication	organizer
21	authentication	role
22	authentication	useraccount
\.


--
-- Data for Name: django_migrations; Type: TABLE DATA; Schema: tiktaktuk; Owner: widya.mutia
--

COPY tiktaktuk.django_migrations (id, app, name, applied) FROM stdin;
1	contenttypes	0001_initial	2026-05-13 05:50:09.724924+00
2	auth	0001_initial	2026-05-13 05:50:09.866173+00
3	admin	0001_initial	2026-05-13 05:50:09.902754+00
4	admin	0002_logentry_remove_auto_add	2026-05-13 05:50:09.910037+00
5	admin	0003_logentry_add_action_flag_choices	2026-05-13 05:50:09.922125+00
6	contenttypes	0002_remove_content_type_name	2026-05-13 05:50:09.954353+00
7	auth	0002_alter_permission_name_max_length	2026-05-13 05:50:09.977105+00
8	auth	0003_alter_user_email_max_length	2026-05-13 05:50:09.991661+00
9	auth	0004_alter_user_username_opts	2026-05-13 05:50:10.005519+00
10	auth	0005_alter_user_last_login_null	2026-05-13 05:50:10.026745+00
11	auth	0006_require_contenttypes_0002	2026-05-13 05:50:10.03075+00
12	auth	0007_alter_validators_add_error_messages	2026-05-13 05:50:10.040267+00
13	auth	0008_alter_user_username_max_length	2026-05-13 05:50:10.075437+00
14	auth	0009_alter_user_last_name_max_length	2026-05-13 05:50:10.096527+00
15	auth	0010_alter_group_name_max_length	2026-05-13 05:50:10.112314+00
16	auth	0011_update_proxy_permissions	2026-05-13 05:50:10.133299+00
17	auth	0012_alter_user_first_name_max_length	2026-05-13 05:50:10.152834+00
18	authentication	0001_initial	2026-05-13 05:50:10.162229+00
19	core	0001_initial	2026-05-13 05:50:10.227187+00
20	core	0002_alter_hasrelationship_id_alter_seat_id_and_more	2026-05-13 05:50:10.373242+00
21	core	0003_artist_event_eventartist_order_orderpromotion_and_more	2026-05-13 05:50:10.404956+00
22	core	0004_alter_hasrelationship_table_alter_seat_table_and_more	2026-05-13 05:50:10.435684+00
23	sessions	0001_initial	2026-05-13 05:50:10.481806+00
\.


--
-- Data for Name: django_session; Type: TABLE DATA; Schema: tiktaktuk; Owner: widya.mutia
--

COPY tiktaktuk.django_session (session_key, session_data, expire_date) FROM stdin;
wzthd20egeoi489aylgd12mb3a5j0db9	.eJyrViotTi2Kz0xRslIyMoAAXSwEFBgq6YA15CXmpgJ1JKbkZubF5yWmFpUCJYryc-CCmcUlRYkl-UVKtQDxeRxP:1wNPuZ:2CMyPPU5l-qfvJHFdgaO1bmc4HYsYNSt4SrtVRmYDtg	2026-05-28 06:51:11.133716+00
vxlaaiinzkrklwi2j4dnhkaekyer5qaw	.eJyrViotTi2Kz0xRslIyMoAAXSwEFBgq6YA15CXmpgJ1JKbkZubF5yWmFpUCJYryc-CCmcUlRYkl-UVKtQDxeRxP:1wNQJZ:neE8pZqujV2jZrqMr_vlDBRdHmgRVuuvxvrHCMkT-xM	2026-05-28 07:17:01.190249+00
fi9btg8kpdi4a1d8attnypaypxdo1bmg	.eJyrViotTi2Kz0xRslIyMoAAXSwEFJgo6YA15CXmpgJ15Belx2clliVmJVZVAWWK8nOgool5mVWpRUq1AKLDGyc:1wNkvs:Sy2xClCf4R_we-LOZnD8ZMcbpQhQGHBa3ScvOGusPn4	2026-05-29 05:17:56.841297+00
8dcdfyaqti1cxp1todpn7fptalgvfk3f	.eJyrViotTi2Kz0xRslIyMoAAXSwEFBgq6YA15CXmpgJ1JKbkZubF5yWmFpUCJYryc-CCmcUlRYkl-UVKtQDxeRxP:1wNsH3:UzJkg994oA1DgWbt6X0DD3KowACpUuOZ5rXU0Aud-DQ	2026-05-29 13:08:17.219025+00
\.


--
-- Data for Name: event; Type: TABLE DATA; Schema: tiktaktuk; Owner: widya.mutia
--

COPY tiktaktuk.event (event_id, event_datetime, event_title, venue_id, organizer_id) FROM stdin;
80000000-0000-0000-0000-000000000001	2026-06-15 19:00:00	Konser Melodi Senja	50000000-0000-0000-0000-000000000001	40000000-0000-0000-0000-000000000001
80000000-0000-0000-0000-000000000002	2026-07-22 10:00:00	Festival Seni Budaya	50000000-0000-0000-0000-000000000002	40000000-0000-0000-0000-000000000001
80000000-0000-0000-0000-000000000003	2026-08-10 18:00:00	Malam Akustik Bandung	50000000-0000-0000-0000-000000000003	40000000-0000-0000-0000-000000000001
80000000-0000-0000-0000-000000000004	2026-09-05 16:00:00	Java Jazz Special Edition	50000000-0000-0000-0000-000000000004	40000000-0000-0000-0000-000000000002
80000000-0000-0000-0000-000000000005	2026-10-12 14:00:00	Soundrenaline Revival	50000000-0000-0000-0000-000000000005	40000000-0000-0000-0000-000000000003
80000000-0000-0000-0000-000000000006	2026-11-20 20:00:00	We The Fest Opening	50000000-0000-0000-0000-000000000004	40000000-0000-0000-0000-000000000004
\.


--
-- Data for Name: event_artist; Type: TABLE DATA; Schema: tiktaktuk; Owner: widya.mutia
--

COPY tiktaktuk.event_artist (event_id, artist_id, role) FROM stdin;
80000000-0000-0000-0000-000000000001	70000000-0000-0000-0000-000000000001	Main Performer
80000000-0000-0000-0000-000000000001	70000000-0000-0000-0000-000000000002	Opening Act
80000000-0000-0000-0000-000000000002	70000000-0000-0000-0000-000000000003	Main Performer
80000000-0000-0000-0000-000000000002	70000000-0000-0000-0000-000000000004	Guest Star
80000000-0000-0000-0000-000000000003	70000000-0000-0000-0000-000000000005	Main Performer
80000000-0000-0000-0000-000000000003	70000000-0000-0000-0000-000000000006	Main Performer
80000000-0000-0000-0000-000000000004	70000000-0000-0000-0000-000000000007	Headliner
80000000-0000-0000-0000-000000000004	70000000-0000-0000-0000-000000000008	Co-Headliner
80000000-0000-0000-0000-000000000005	70000000-0000-0000-0000-000000000008	Main Performer
80000000-0000-0000-0000-000000000005	70000000-0000-0000-0000-000000000001	Guest Star
80000000-0000-0000-0000-000000000006	70000000-0000-0000-0000-000000000006	Headliner
80000000-0000-0000-0000-000000000006	70000000-0000-0000-0000-000000000002	Opening Act
\.


--
-- Data for Name: has_relationship; Type: TABLE DATA; Schema: tiktaktuk; Owner: widya.mutia
--

COPY tiktaktuk.has_relationship (seat_id, ticket_id) FROM stdin;
60000000-0000-0000-0000-000000000001	c0000000-0000-0000-0000-000000000001
60000000-0000-0000-0000-000000000004	c0000000-0000-0000-0000-000000000004
60000000-0000-0000-0000-000000000005	c0000000-0000-0000-0000-000000000005
60000000-0000-0000-0000-000000000007	c0000000-0000-0000-0000-000000000008
60000000-0000-0000-0000-000000000008	c0000000-0000-0000-0000-000000000009
60000000-0000-0000-0000-000000000009	c0000000-0000-0000-0000-000000000013
60000000-0000-0000-0000-000000000011	c0000000-0000-0000-0000-000000000017
60000000-0000-0000-0000-000000000012	c0000000-0000-0000-0000-000000000018
60000000-0000-0000-0000-000000000006	c0000000-0000-0000-0000-000000000019
60000000-0000-0000-0000-000000000026	8e1ed9f7-4e3d-4d33-a1d7-8297dbcec213
60000000-0000-0000-0000-000000000029	8f8b23e0-203a-4d97-b24d-ca8c058287f3
60000000-0000-0000-0000-000000000003	22f6b450-0bff-4765-a3c7-bb22b6eb3038
30a89bf2-c6e4-4206-b215-478c5ec1b846	9ba0db17-ba57-4a37-9b8f-736456f6111e
\.


--
-- Data for Name: order_promotion; Type: TABLE DATA; Schema: tiktaktuk; Owner: widya.mutia
--

COPY tiktaktuk.order_promotion (order_promotion_id, promotion_id, order_id) FROM stdin;
d0000000-0000-0000-0000-000000000001	a0000000-0000-0000-0000-000000000001	b0000000-0000-0000-0000-000000000001
d0000000-0000-0000-0000-000000000002	a0000000-0000-0000-0000-000000000002	b0000000-0000-0000-0000-000000000005
d0000000-0000-0000-0000-000000000003	a0000000-0000-0000-0000-000000000003	b0000000-0000-0000-0000-000000000008
d0000000-0000-0000-0000-000000000004	a0000000-0000-0000-0000-000000000004	b0000000-0000-0000-0000-000000000011
d0000000-0000-0000-0000-000000000005	a0000000-0000-0000-0000-000000000006	b0000000-0000-0000-0000-000000000009
\.


--
-- Data for Name: organizer; Type: TABLE DATA; Schema: tiktaktuk; Owner: widya.mutia
--

COPY tiktaktuk.organizer (organizer_id, organizer_name, contact_email, user_id) FROM stdin;
40000000-0000-0000-0000-000000000001	Andi Wijaya	organizer1@example.com	20000000-0000-0000-0000-000000000003
40000000-0000-0000-0000-000000000002	Java Festival Pro	info@javafest.com	20000000-0000-0000-0000-000000000004
40000000-0000-0000-0000-000000000003	Soundrenaline Fest	contact@sound.com	20000000-0000-0000-0000-000000000005
40000000-0000-0000-0000-000000000004	Ismaya Live	hello@ismaya.com	20000000-0000-0000-0000-000000000006
\.


--
-- Data for Name: promotion; Type: TABLE DATA; Schema: tiktaktuk; Owner: widya.mutia
--

COPY tiktaktuk.promotion (promotion_id, promo_code, discount_type, discount_value, start_date, end_date, usage_limit) FROM stdin;
a0000000-0000-0000-0000-000000000001	TIKTAK20	PERCENTAGE	20.00	2026-01-01	2026-12-31	100
a0000000-0000-0000-0000-000000000002	HEMAT50K	NOMINAL	50000.00	2026-01-01	2026-12-31	50
a0000000-0000-0000-0000-000000000003	NEWUSER30	PERCENTAGE	30.00	2026-03-01	2026-06-30	200
a0000000-0000-0000-0000-000000000004	PAYDAY100K	NOMINAL	100000.00	2026-05-25	2026-05-30	150
a0000000-0000-0000-0000-000000000005	FESTIVALSERU	PERCENTAGE	15.00	2026-06-01	2026-08-31	300
a0000000-0000-0000-0000-000000000006	FLASH10	PERCENTAGE	10.00	2026-04-10	2026-04-15	500
\.


--
-- Data for Name: role; Type: TABLE DATA; Schema: tiktaktuk; Owner: widya.mutia
--

COPY tiktaktuk.role (role_id, role_name) FROM stdin;
10000000-0000-0000-0000-000000000001	administrator
10000000-0000-0000-0000-000000000002	organizer
10000000-0000-0000-0000-000000000003	customer
\.


--
-- Data for Name: seat; Type: TABLE DATA; Schema: tiktaktuk; Owner: widya.mutia
--

COPY tiktaktuk.seat (seat_id, section, seat_number, row_number, venue_id) FROM stdin;
60000000-0000-0000-0000-000000000001	WVIP	1	A	50000000-0000-0000-0000-000000000001
60000000-0000-0000-0000-000000000002	WVIP	2	A	50000000-0000-0000-0000-000000000001
60000000-0000-0000-0000-000000000003	WVIP	3	A	50000000-0000-0000-0000-000000000001
60000000-0000-0000-0000-000000000004	VIP	1	B	50000000-0000-0000-0000-000000000001
60000000-0000-0000-0000-000000000005	VIP	2	B	50000000-0000-0000-0000-000000000001
60000000-0000-0000-0000-000000000006	VIP	3	B	50000000-0000-0000-0000-000000000001
60000000-0000-0000-0000-000000000007	Category 1	1	C	50000000-0000-0000-0000-000000000001
60000000-0000-0000-0000-000000000008	Category 1	2	C	50000000-0000-0000-0000-000000000001
60000000-0000-0000-0000-000000000009	Category 1	3	C	50000000-0000-0000-0000-000000000001
60000000-0000-0000-0000-000000000010	Category 1	4	C	50000000-0000-0000-0000-000000000001
60000000-0000-0000-0000-000000000011	Category 2	1	D	50000000-0000-0000-0000-000000000001
60000000-0000-0000-0000-000000000012	Category 2	2	D	50000000-0000-0000-0000-000000000001
60000000-0000-0000-0000-000000000013	Category 2	3	D	50000000-0000-0000-0000-000000000001
60000000-0000-0000-0000-000000000014	Category 2	4	D	50000000-0000-0000-0000-000000000001
60000000-0000-0000-0000-000000000015	Category 2	5	D	50000000-0000-0000-0000-000000000001
60000000-0000-0000-0000-000000000016	VVIP	1	AA	50000000-0000-0000-0000-000000000004
60000000-0000-0000-0000-000000000017	VVIP	2	AA	50000000-0000-0000-0000-000000000004
60000000-0000-0000-0000-000000000018	VVIP	3	AA	50000000-0000-0000-0000-000000000004
60000000-0000-0000-0000-000000000019	VVIP	4	AA	50000000-0000-0000-0000-000000000004
60000000-0000-0000-0000-000000000020	VVIP	5	AA	50000000-0000-0000-0000-000000000004
60000000-0000-0000-0000-000000000026	Tribune	6	BB	50000000-0000-0000-0000-000000000004
60000000-0000-0000-0000-000000000027	Tribune	7	BB	50000000-0000-0000-0000-000000000004
60000000-0000-0000-0000-000000000028	Tribune	8	BB	50000000-0000-0000-0000-000000000004
60000000-0000-0000-0000-000000000029	Tribune	9	BB	50000000-0000-0000-0000-000000000004
61b0b1f0-9901-47d3-8b01-ad8c5ce95f09	1	10	BB	50000000-0000-0000-0000-000000000001
d2fb2d12-df73-4278-9ddf-76b093f32a3d	VIP	2	B	50000000-0000-0000-0000-000000000004
32c0946f-1357-4b32-b4a9-3d8c6c5b1976	Tribune	2	b	50000000-0000-0000-0000-000000000001
30a89bf2-c6e4-4206-b215-478c5ec1b846	VIP	1	B	50000000-0000-0000-0000-000000000001
60000000-0000-0000-0000-000000000022	Tribune	40	BB	50000000-0000-0000-0000-000000000004
60000000-0000-0000-0000-000000000023	Tribune	5	BB	50000000-0000-0000-0000-000000000004
60000000-0000-0000-0000-000000000025	Tribune	4	BB	50000000-0000-0000-0000-000000000004
e2cfef38-5e17-498c-8f4f-bf53c5729e30	VIP	40	N	50000000-0000-0000-0000-000000000005
ab0b6530-723c-4858-9b73-b0187f07dac1	VIP	1	N	50000000-0000-0000-0000-000000000001
\.


--
-- Data for Name: ticket; Type: TABLE DATA; Schema: tiktaktuk; Owner: widya.mutia
--

COPY tiktaktuk.ticket (ticket_id, ticket_code, tcategory_id, torder_id, status) FROM stdin;
c0000000-0000-0000-0000-000000000001	TTK-EVT001-WVIP-001	90000000-0000-0000-0000-000000000001	b0000000-0000-0000-0000-000000000001	VALID
c0000000-0000-0000-0000-000000000004	TTK-EVT001-VIP-001	90000000-0000-0000-0000-000000000002	b0000000-0000-0000-0000-000000000003	VALID
c0000000-0000-0000-0000-000000000005	TTK-EVT001-VIP-002	90000000-0000-0000-0000-000000000002	b0000000-0000-0000-0000-000000000003	VALID
c0000000-0000-0000-0000-000000000006	TTK-EVT003-REG-001	90000000-0000-0000-0000-000000000008	b0000000-0000-0000-0000-000000000004	VALID
c0000000-0000-0000-0000-000000000007	TTK-EVT003-REG-002	90000000-0000-0000-0000-000000000008	b0000000-0000-0000-0000-000000000004	VALID
c0000000-0000-0000-0000-000000000008	TTK-EVT001-CAT1-001	90000000-0000-0000-0000-000000000003	b0000000-0000-0000-0000-000000000005	VALID
c0000000-0000-0000-0000-000000000009	TTK-EVT001-CAT1-002	90000000-0000-0000-0000-000000000003	b0000000-0000-0000-0000-000000000005	VALID
c0000000-0000-0000-0000-000000000013	TTK-EVT001-CAT1-003	90000000-0000-0000-0000-000000000003	b0000000-0000-0000-0000-000000000009	VALID
c0000000-0000-0000-0000-000000000015	TTK-EVT003-VVIP-001	90000000-0000-0000-0000-000000000006	b0000000-0000-0000-0000-000000000011	VALID
c0000000-0000-0000-0000-000000000016	TTK-EVT002-GEN-002	90000000-0000-0000-0000-000000000005	b0000000-0000-0000-0000-000000000012	VALID
c0000000-0000-0000-0000-000000000017	TTK-EVT001-CAT2-001	90000000-0000-0000-0000-000000000004	b0000000-0000-0000-0000-000000000008	VALID
c0000000-0000-0000-0000-000000000018	TTK-EVT001-CAT2-002	90000000-0000-0000-0000-000000000004	b0000000-0000-0000-0000-000000000008	VALID
c0000000-0000-0000-0000-000000000019	TTK-EVT001-VIP-003	90000000-0000-0000-0000-000000000002	b0000000-0000-0000-0000-000000000011	VALID
c0000000-0000-0000-0000-000000000020	TTK-EVT001-VIP-004	90000000-0000-0000-0000-000000000002	b0000000-0000-0000-0000-000000000011	VALID
8e1ed9f7-4e3d-4d33-a1d7-8297dbcec213	TTK-E06094A2	90000000-0000-0000-0000-000000000002	b0000000-0000-0000-0000-000000000001	VALID
8f8b23e0-203a-4d97-b24d-ca8c058287f3	TTK-F7B6CB40	90000000-0000-0000-0000-000000000004	b0000000-0000-0000-0000-000000000001	VALID
22f6b450-0bff-4765-a3c7-bb22b6eb3038	TTK-315B5A84	90000000-0000-0000-0000-000000000004	b0000000-0000-0000-0000-000000000001	VALID
b82d3899-a0c4-49f3-8f7a-a5bb54fcb41e	TTK-CDA00B51	90000000-0000-0000-0000-000000000005	b0000000-0000-0000-0000-000000000002	VALID
c0000000-0000-0000-0000-000000000003	TTK-EVT002-GEN-001	90000000-0000-0000-0000-000000000005	b0000000-0000-0000-0000-000000000002	TERPAKAI
c0000000-0000-0000-0000-000000000010	TTK-EVT004-FESTA-001	90000000-0000-0000-0000-000000000009	b0000000-0000-0000-0000-000000000006	VOID
9ba0db17-ba57-4a37-9b8f-736456f6111e	TTK-9CA79764	90000000-0000-0000-0000-000000000002	b0000000-0000-0000-0000-000000000001	VALID
c0000000-0000-0000-0000-000000000014	TTK-EVT005-PRE-001	90000000-0000-0000-0000-000000000012	b0000000-0000-0000-0000-000000000010	TERPAKAI
\.


--
-- Data for Name: ticket_category; Type: TABLE DATA; Schema: tiktaktuk; Owner: widya.mutia
--

COPY tiktaktuk.ticket_category (category_id, category_name, quota, price, tevent_id) FROM stdin;
90000000-0000-0000-0000-000000000001	WVIP	50	1500000.00	80000000-0000-0000-0000-000000000001
90000000-0000-0000-0000-000000000002	VIP	150	750000.00	80000000-0000-0000-0000-000000000001
90000000-0000-0000-0000-000000000003	Category 1	300	450000.00	80000000-0000-0000-0000-000000000001
90000000-0000-0000-0000-000000000004	Category 2	500	250000.00	80000000-0000-0000-0000-000000000001
90000000-0000-0000-0000-000000000005	General Admission	500	150000.00	80000000-0000-0000-0000-000000000002
90000000-0000-0000-0000-000000000006	VVIP	30	2000000.00	80000000-0000-0000-0000-000000000003
90000000-0000-0000-0000-000000000007	VIP	100	900000.00	80000000-0000-0000-0000-000000000003
90000000-0000-0000-0000-000000000008	Regular	400	350000.00	80000000-0000-0000-0000-000000000003
90000000-0000-0000-0000-000000000009	Festival A	1000	500000.00	80000000-0000-0000-0000-000000000004
90000000-0000-0000-0000-000000000010	Festival B	1500	350000.00	80000000-0000-0000-0000-000000000004
90000000-0000-0000-0000-000000000011	Early Bird	200	250000.00	80000000-0000-0000-0000-000000000005
90000000-0000-0000-0000-000000000012	Presale 1	500	300000.00	80000000-0000-0000-0000-000000000005
90000000-0000-0000-0000-000000000013	Normal	800	400000.00	80000000-0000-0000-0000-000000000005
90000000-0000-0000-0000-000000000014	GA 3-Day Pass	500	1200000.00	80000000-0000-0000-0000-000000000006
\.


--
-- Data for Name: user_account; Type: TABLE DATA; Schema: tiktaktuk; Owner: widya.mutia
--

COPY tiktaktuk.user_account (user_id, username, password) FROM stdin;
20000000-0000-0000-0000-000000000001	admin_naeru	hashpass123
20000000-0000-0000-0000-000000000002	admin_nabeel	hashpass123
20000000-0000-0000-0000-000000000003	org_andiwijaya	hashpass123
20000000-0000-0000-0000-000000000004	org_javajazz	hashpass123
20000000-0000-0000-0000-000000000005	org_soundrenaline	hashpass123
20000000-0000-0000-0000-000000000006	org_wefest	hashpass123
20000000-0000-0000-0000-000000000007	cust_budi	hashpass123
20000000-0000-0000-0000-000000000008	cust_siti	hashpass123
20000000-0000-0000-0000-000000000009	cust_joko	hashpass123
20000000-0000-0000-0000-000000000010	cust_rini	hashpass123
20000000-0000-0000-0000-000000000011	cust_andi	hashpass123
20000000-0000-0000-0000-000000000012	cust_maya	hashpass123
20000000-0000-0000-0000-000000000013	cust_eka	hashpass123
20000000-0000-0000-0000-000000000014	cust_luna	hashpass123
20000000-0000-0000-0000-000000000015	cust_zara	hashpass123
20000000-0000-0000-0000-000000000016	cust_tomas	hashpass123
\.


--
-- Data for Name: venue; Type: TABLE DATA; Schema: tiktaktuk; Owner: widya.mutia
--

COPY tiktaktuk.venue (venue_id, venue_name, capacity, address, city, jenis_seating) FROM stdin;
50000000-0000-0000-0000-000000000001	Jakarta Convention Center	5000	Jl. Gatot Subroto	Jakarta	Reserved Seating
50000000-0000-0000-0000-000000000002	Taman Impian Jayakarta	10000	Ancol	Jakarta	Free Seating
50000000-0000-0000-0000-000000000003	Bandung Hall Center	3000	Jl. Asia Afrika	Bandung	Free Seating
50000000-0000-0000-0000-000000000004	Istora Senayan	7000	Kompleks GBK	Jakarta	Reserved Seating
50000000-0000-0000-0000-000000000005	Bali Nusa Dua Convention	4000	Nusa Dua	Bali	Free Seating
\.


--
-- Name: auth_group_id_seq; Type: SEQUENCE SET; Schema: tiktaktuk; Owner: widya.mutia
--

SELECT pg_catalog.setval('tiktaktuk.auth_group_id_seq', 1, false);


--
-- Name: auth_group_permissions_id_seq; Type: SEQUENCE SET; Schema: tiktaktuk; Owner: widya.mutia
--

SELECT pg_catalog.setval('tiktaktuk.auth_group_permissions_id_seq', 1, false);


--
-- Name: auth_permission_id_seq; Type: SEQUENCE SET; Schema: tiktaktuk; Owner: widya.mutia
--

SELECT pg_catalog.setval('tiktaktuk.auth_permission_id_seq', 88, true);


--
-- Name: auth_user_groups_id_seq; Type: SEQUENCE SET; Schema: tiktaktuk; Owner: widya.mutia
--

SELECT pg_catalog.setval('tiktaktuk.auth_user_groups_id_seq', 1, false);


--
-- Name: auth_user_id_seq; Type: SEQUENCE SET; Schema: tiktaktuk; Owner: widya.mutia
--

SELECT pg_catalog.setval('tiktaktuk.auth_user_id_seq', 1, false);


--
-- Name: auth_user_user_permissions_id_seq; Type: SEQUENCE SET; Schema: tiktaktuk; Owner: widya.mutia
--

SELECT pg_catalog.setval('tiktaktuk.auth_user_user_permissions_id_seq', 1, false);


--
-- Name: core_hasrelationship_id_seq; Type: SEQUENCE SET; Schema: tiktaktuk; Owner: widya.mutia
--

SELECT pg_catalog.setval('tiktaktuk.core_hasrelationship_id_seq', 1, false);


--
-- Name: core_seat_id_seq; Type: SEQUENCE SET; Schema: tiktaktuk; Owner: widya.mutia
--

SELECT pg_catalog.setval('tiktaktuk.core_seat_id_seq', 1, false);


--
-- Name: core_venue_id_seq; Type: SEQUENCE SET; Schema: tiktaktuk; Owner: widya.mutia
--

SELECT pg_catalog.setval('tiktaktuk.core_venue_id_seq', 1, false);


--
-- Name: django_admin_log_id_seq; Type: SEQUENCE SET; Schema: tiktaktuk; Owner: widya.mutia
--

SELECT pg_catalog.setval('tiktaktuk.django_admin_log_id_seq', 1, false);


--
-- Name: django_content_type_id_seq; Type: SEQUENCE SET; Schema: tiktaktuk; Owner: widya.mutia
--

SELECT pg_catalog.setval('tiktaktuk.django_content_type_id_seq', 22, true);


--
-- Name: django_migrations_id_seq; Type: SEQUENCE SET; Schema: tiktaktuk; Owner: widya.mutia
--

SELECT pg_catalog.setval('tiktaktuk.django_migrations_id_seq', 23, true);


--
-- Name: ORDER ORDER_pkey; Type: CONSTRAINT; Schema: tiktaktuk; Owner: widya.mutia
--

ALTER TABLE ONLY tiktaktuk."ORDER"
    ADD CONSTRAINT "ORDER_pkey" PRIMARY KEY (order_id);


--
-- Name: account_role account_role_pkey; Type: CONSTRAINT; Schema: tiktaktuk; Owner: widya.mutia
--

ALTER TABLE ONLY tiktaktuk.account_role
    ADD CONSTRAINT account_role_pkey PRIMARY KEY (role_id, user_id);


--
-- Name: artist artist_pkey; Type: CONSTRAINT; Schema: tiktaktuk; Owner: widya.mutia
--

ALTER TABLE ONLY tiktaktuk.artist
    ADD CONSTRAINT artist_pkey PRIMARY KEY (artist_id);


--
-- Name: auth_group auth_group_name_key; Type: CONSTRAINT; Schema: tiktaktuk; Owner: widya.mutia
--

ALTER TABLE ONLY tiktaktuk.auth_group
    ADD CONSTRAINT auth_group_name_key UNIQUE (name);


--
-- Name: auth_group_permissions auth_group_permissions_group_id_permission_id_0cd325b0_uniq; Type: CONSTRAINT; Schema: tiktaktuk; Owner: widya.mutia
--

ALTER TABLE ONLY tiktaktuk.auth_group_permissions
    ADD CONSTRAINT auth_group_permissions_group_id_permission_id_0cd325b0_uniq UNIQUE (group_id, permission_id);


--
-- Name: auth_group_permissions auth_group_permissions_pkey; Type: CONSTRAINT; Schema: tiktaktuk; Owner: widya.mutia
--

ALTER TABLE ONLY tiktaktuk.auth_group_permissions
    ADD CONSTRAINT auth_group_permissions_pkey PRIMARY KEY (id);


--
-- Name: auth_group auth_group_pkey; Type: CONSTRAINT; Schema: tiktaktuk; Owner: widya.mutia
--

ALTER TABLE ONLY tiktaktuk.auth_group
    ADD CONSTRAINT auth_group_pkey PRIMARY KEY (id);


--
-- Name: auth_permission auth_permission_content_type_id_codename_01ab375a_uniq; Type: CONSTRAINT; Schema: tiktaktuk; Owner: widya.mutia
--

ALTER TABLE ONLY tiktaktuk.auth_permission
    ADD CONSTRAINT auth_permission_content_type_id_codename_01ab375a_uniq UNIQUE (content_type_id, codename);


--
-- Name: auth_permission auth_permission_pkey; Type: CONSTRAINT; Schema: tiktaktuk; Owner: widya.mutia
--

ALTER TABLE ONLY tiktaktuk.auth_permission
    ADD CONSTRAINT auth_permission_pkey PRIMARY KEY (id);


--
-- Name: auth_user_groups auth_user_groups_pkey; Type: CONSTRAINT; Schema: tiktaktuk; Owner: widya.mutia
--

ALTER TABLE ONLY tiktaktuk.auth_user_groups
    ADD CONSTRAINT auth_user_groups_pkey PRIMARY KEY (id);


--
-- Name: auth_user_groups auth_user_groups_user_id_group_id_94350c0c_uniq; Type: CONSTRAINT; Schema: tiktaktuk; Owner: widya.mutia
--

ALTER TABLE ONLY tiktaktuk.auth_user_groups
    ADD CONSTRAINT auth_user_groups_user_id_group_id_94350c0c_uniq UNIQUE (user_id, group_id);


--
-- Name: auth_user auth_user_pkey; Type: CONSTRAINT; Schema: tiktaktuk; Owner: widya.mutia
--

ALTER TABLE ONLY tiktaktuk.auth_user
    ADD CONSTRAINT auth_user_pkey PRIMARY KEY (id);


--
-- Name: auth_user_user_permissions auth_user_user_permissions_pkey; Type: CONSTRAINT; Schema: tiktaktuk; Owner: widya.mutia
--

ALTER TABLE ONLY tiktaktuk.auth_user_user_permissions
    ADD CONSTRAINT auth_user_user_permissions_pkey PRIMARY KEY (id);


--
-- Name: auth_user_user_permissions auth_user_user_permissions_user_id_permission_id_14a6b632_uniq; Type: CONSTRAINT; Schema: tiktaktuk; Owner: widya.mutia
--

ALTER TABLE ONLY tiktaktuk.auth_user_user_permissions
    ADD CONSTRAINT auth_user_user_permissions_user_id_permission_id_14a6b632_uniq UNIQUE (user_id, permission_id);


--
-- Name: auth_user auth_user_username_key; Type: CONSTRAINT; Schema: tiktaktuk; Owner: widya.mutia
--

ALTER TABLE ONLY tiktaktuk.auth_user
    ADD CONSTRAINT auth_user_username_key UNIQUE (username);


--
-- Name: core_hasrelationship core_hasrelationship_pkey; Type: CONSTRAINT; Schema: tiktaktuk; Owner: widya.mutia
--

ALTER TABLE ONLY tiktaktuk.core_hasrelationship
    ADD CONSTRAINT core_hasrelationship_pkey PRIMARY KEY (id);


--
-- Name: core_hasrelationship core_hasrelationship_seat_id_key; Type: CONSTRAINT; Schema: tiktaktuk; Owner: widya.mutia
--

ALTER TABLE ONLY tiktaktuk.core_hasrelationship
    ADD CONSTRAINT core_hasrelationship_seat_id_key UNIQUE (seat_id);


--
-- Name: core_seat core_seat_pkey; Type: CONSTRAINT; Schema: tiktaktuk; Owner: widya.mutia
--

ALTER TABLE ONLY tiktaktuk.core_seat
    ADD CONSTRAINT core_seat_pkey PRIMARY KEY (id);


--
-- Name: core_seat core_seat_venue_id_section_row_seat_number_674c0b46_uniq; Type: CONSTRAINT; Schema: tiktaktuk; Owner: widya.mutia
--

ALTER TABLE ONLY tiktaktuk.core_seat
    ADD CONSTRAINT core_seat_venue_id_section_row_seat_number_674c0b46_uniq UNIQUE (venue_id, section, "row", seat_number);


--
-- Name: core_venue core_venue_pkey; Type: CONSTRAINT; Schema: tiktaktuk; Owner: widya.mutia
--

ALTER TABLE ONLY tiktaktuk.core_venue
    ADD CONSTRAINT core_venue_pkey PRIMARY KEY (id);


--
-- Name: customer customer_pkey; Type: CONSTRAINT; Schema: tiktaktuk; Owner: widya.mutia
--

ALTER TABLE ONLY tiktaktuk.customer
    ADD CONSTRAINT customer_pkey PRIMARY KEY (customer_id);


--
-- Name: customer customer_user_id_key; Type: CONSTRAINT; Schema: tiktaktuk; Owner: widya.mutia
--

ALTER TABLE ONLY tiktaktuk.customer
    ADD CONSTRAINT customer_user_id_key UNIQUE (user_id);


--
-- Name: django_admin_log django_admin_log_pkey; Type: CONSTRAINT; Schema: tiktaktuk; Owner: widya.mutia
--

ALTER TABLE ONLY tiktaktuk.django_admin_log
    ADD CONSTRAINT django_admin_log_pkey PRIMARY KEY (id);


--
-- Name: django_content_type django_content_type_app_label_model_76bd3d3b_uniq; Type: CONSTRAINT; Schema: tiktaktuk; Owner: widya.mutia
--

ALTER TABLE ONLY tiktaktuk.django_content_type
    ADD CONSTRAINT django_content_type_app_label_model_76bd3d3b_uniq UNIQUE (app_label, model);


--
-- Name: django_content_type django_content_type_pkey; Type: CONSTRAINT; Schema: tiktaktuk; Owner: widya.mutia
--

ALTER TABLE ONLY tiktaktuk.django_content_type
    ADD CONSTRAINT django_content_type_pkey PRIMARY KEY (id);


--
-- Name: django_migrations django_migrations_pkey; Type: CONSTRAINT; Schema: tiktaktuk; Owner: widya.mutia
--

ALTER TABLE ONLY tiktaktuk.django_migrations
    ADD CONSTRAINT django_migrations_pkey PRIMARY KEY (id);


--
-- Name: django_session django_session_pkey; Type: CONSTRAINT; Schema: tiktaktuk; Owner: widya.mutia
--

ALTER TABLE ONLY tiktaktuk.django_session
    ADD CONSTRAINT django_session_pkey PRIMARY KEY (session_key);


--
-- Name: event_artist event_artist_pkey; Type: CONSTRAINT; Schema: tiktaktuk; Owner: widya.mutia
--

ALTER TABLE ONLY tiktaktuk.event_artist
    ADD CONSTRAINT event_artist_pkey PRIMARY KEY (event_id, artist_id);


--
-- Name: event event_pkey; Type: CONSTRAINT; Schema: tiktaktuk; Owner: widya.mutia
--

ALTER TABLE ONLY tiktaktuk.event
    ADD CONSTRAINT event_pkey PRIMARY KEY (event_id);


--
-- Name: has_relationship has_relationship_pkey; Type: CONSTRAINT; Schema: tiktaktuk; Owner: widya.mutia
--

ALTER TABLE ONLY tiktaktuk.has_relationship
    ADD CONSTRAINT has_relationship_pkey PRIMARY KEY (seat_id, ticket_id);


--
-- Name: order_promotion order_promotion_pkey; Type: CONSTRAINT; Schema: tiktaktuk; Owner: widya.mutia
--

ALTER TABLE ONLY tiktaktuk.order_promotion
    ADD CONSTRAINT order_promotion_pkey PRIMARY KEY (order_promotion_id);


--
-- Name: organizer organizer_pkey; Type: CONSTRAINT; Schema: tiktaktuk; Owner: widya.mutia
--

ALTER TABLE ONLY tiktaktuk.organizer
    ADD CONSTRAINT organizer_pkey PRIMARY KEY (organizer_id);


--
-- Name: organizer organizer_user_id_key; Type: CONSTRAINT; Schema: tiktaktuk; Owner: widya.mutia
--

ALTER TABLE ONLY tiktaktuk.organizer
    ADD CONSTRAINT organizer_user_id_key UNIQUE (user_id);


--
-- Name: promotion promotion_pkey; Type: CONSTRAINT; Schema: tiktaktuk; Owner: widya.mutia
--

ALTER TABLE ONLY tiktaktuk.promotion
    ADD CONSTRAINT promotion_pkey PRIMARY KEY (promotion_id);


--
-- Name: promotion promotion_promo_code_key; Type: CONSTRAINT; Schema: tiktaktuk; Owner: widya.mutia
--

ALTER TABLE ONLY tiktaktuk.promotion
    ADD CONSTRAINT promotion_promo_code_key UNIQUE (promo_code);


--
-- Name: role role_pkey; Type: CONSTRAINT; Schema: tiktaktuk; Owner: widya.mutia
--

ALTER TABLE ONLY tiktaktuk.role
    ADD CONSTRAINT role_pkey PRIMARY KEY (role_id);


--
-- Name: role role_role_name_key; Type: CONSTRAINT; Schema: tiktaktuk; Owner: widya.mutia
--

ALTER TABLE ONLY tiktaktuk.role
    ADD CONSTRAINT role_role_name_key UNIQUE (role_name);


--
-- Name: seat seat_pkey; Type: CONSTRAINT; Schema: tiktaktuk; Owner: widya.mutia
--

ALTER TABLE ONLY tiktaktuk.seat
    ADD CONSTRAINT seat_pkey PRIMARY KEY (seat_id);


--
-- Name: ticket_category ticket_category_pkey; Type: CONSTRAINT; Schema: tiktaktuk; Owner: widya.mutia
--

ALTER TABLE ONLY tiktaktuk.ticket_category
    ADD CONSTRAINT ticket_category_pkey PRIMARY KEY (category_id);


--
-- Name: ticket ticket_pkey; Type: CONSTRAINT; Schema: tiktaktuk; Owner: widya.mutia
--

ALTER TABLE ONLY tiktaktuk.ticket
    ADD CONSTRAINT ticket_pkey PRIMARY KEY (ticket_id);


--
-- Name: ticket ticket_ticket_code_key; Type: CONSTRAINT; Schema: tiktaktuk; Owner: widya.mutia
--

ALTER TABLE ONLY tiktaktuk.ticket
    ADD CONSTRAINT ticket_ticket_code_key UNIQUE (ticket_code);


--
-- Name: user_account user_account_pkey; Type: CONSTRAINT; Schema: tiktaktuk; Owner: widya.mutia
--

ALTER TABLE ONLY tiktaktuk.user_account
    ADD CONSTRAINT user_account_pkey PRIMARY KEY (user_id);


--
-- Name: user_account user_account_username_key; Type: CONSTRAINT; Schema: tiktaktuk; Owner: widya.mutia
--

ALTER TABLE ONLY tiktaktuk.user_account
    ADD CONSTRAINT user_account_username_key UNIQUE (username);


--
-- Name: venue venue_pkey; Type: CONSTRAINT; Schema: tiktaktuk; Owner: widya.mutia
--

ALTER TABLE ONLY tiktaktuk.venue
    ADD CONSTRAINT venue_pkey PRIMARY KEY (venue_id);


--
-- Name: auth_group_name_a6ea08ec_like; Type: INDEX; Schema: tiktaktuk; Owner: widya.mutia
--

CREATE INDEX auth_group_name_a6ea08ec_like ON tiktaktuk.auth_group USING btree (name varchar_pattern_ops);


--
-- Name: auth_group_permissions_group_id_b120cbf9; Type: INDEX; Schema: tiktaktuk; Owner: widya.mutia
--

CREATE INDEX auth_group_permissions_group_id_b120cbf9 ON tiktaktuk.auth_group_permissions USING btree (group_id);


--
-- Name: auth_group_permissions_permission_id_84c5c92e; Type: INDEX; Schema: tiktaktuk; Owner: widya.mutia
--

CREATE INDEX auth_group_permissions_permission_id_84c5c92e ON tiktaktuk.auth_group_permissions USING btree (permission_id);


--
-- Name: auth_permission_content_type_id_2f476e4b; Type: INDEX; Schema: tiktaktuk; Owner: widya.mutia
--

CREATE INDEX auth_permission_content_type_id_2f476e4b ON tiktaktuk.auth_permission USING btree (content_type_id);


--
-- Name: auth_user_groups_group_id_97559544; Type: INDEX; Schema: tiktaktuk; Owner: widya.mutia
--

CREATE INDEX auth_user_groups_group_id_97559544 ON tiktaktuk.auth_user_groups USING btree (group_id);


--
-- Name: auth_user_groups_user_id_6a12ed8b; Type: INDEX; Schema: tiktaktuk; Owner: widya.mutia
--

CREATE INDEX auth_user_groups_user_id_6a12ed8b ON tiktaktuk.auth_user_groups USING btree (user_id);


--
-- Name: auth_user_user_permissions_permission_id_1fbb5f2c; Type: INDEX; Schema: tiktaktuk; Owner: widya.mutia
--

CREATE INDEX auth_user_user_permissions_permission_id_1fbb5f2c ON tiktaktuk.auth_user_user_permissions USING btree (permission_id);


--
-- Name: auth_user_user_permissions_user_id_a95ead1b; Type: INDEX; Schema: tiktaktuk; Owner: widya.mutia
--

CREATE INDEX auth_user_user_permissions_user_id_a95ead1b ON tiktaktuk.auth_user_user_permissions USING btree (user_id);


--
-- Name: auth_user_username_6821ab7c_like; Type: INDEX; Schema: tiktaktuk; Owner: widya.mutia
--

CREATE INDEX auth_user_username_6821ab7c_like ON tiktaktuk.auth_user USING btree (username varchar_pattern_ops);


--
-- Name: core_seat_venue_id_67bce748; Type: INDEX; Schema: tiktaktuk; Owner: widya.mutia
--

CREATE INDEX core_seat_venue_id_67bce748 ON tiktaktuk.core_seat USING btree (venue_id);


--
-- Name: django_admin_log_content_type_id_c4bce8eb; Type: INDEX; Schema: tiktaktuk; Owner: widya.mutia
--

CREATE INDEX django_admin_log_content_type_id_c4bce8eb ON tiktaktuk.django_admin_log USING btree (content_type_id);


--
-- Name: django_admin_log_user_id_c564eba6; Type: INDEX; Schema: tiktaktuk; Owner: widya.mutia
--

CREATE INDEX django_admin_log_user_id_c564eba6 ON tiktaktuk.django_admin_log USING btree (user_id);


--
-- Name: django_session_expire_date_a5c62663; Type: INDEX; Schema: tiktaktuk; Owner: widya.mutia
--

CREATE INDEX django_session_expire_date_a5c62663 ON tiktaktuk.django_session USING btree (expire_date);


--
-- Name: django_session_session_key_c0390e0f_like; Type: INDEX; Schema: tiktaktuk; Owner: widya.mutia
--

CREATE INDEX django_session_session_key_c0390e0f_like ON tiktaktuk.django_session USING btree (session_key varchar_pattern_ops);


--
-- Name: seat trg_check_seat_delete; Type: TRIGGER; Schema: tiktaktuk; Owner: widya.mutia
--

CREATE TRIGGER trg_check_seat_delete BEFORE DELETE ON tiktaktuk.seat FOR EACH ROW EXECUTE FUNCTION tiktaktuk.check_seat_delete_func();


--
-- Name: ticket trg_check_ticket_quota; Type: TRIGGER; Schema: tiktaktuk; Owner: widya.mutia
--

CREATE TRIGGER trg_check_ticket_quota BEFORE INSERT ON tiktaktuk.ticket FOR EACH ROW EXECUTE FUNCTION tiktaktuk.check_ticket_quota_func();


--
-- Name: ORDER ORDER_customer_id_fkey; Type: FK CONSTRAINT; Schema: tiktaktuk; Owner: widya.mutia
--

ALTER TABLE ONLY tiktaktuk."ORDER"
    ADD CONSTRAINT "ORDER_customer_id_fkey" FOREIGN KEY (customer_id) REFERENCES tiktaktuk.customer(customer_id) ON UPDATE CASCADE ON DELETE RESTRICT;


--
-- Name: account_role account_role_role_id_fkey; Type: FK CONSTRAINT; Schema: tiktaktuk; Owner: widya.mutia
--

ALTER TABLE ONLY tiktaktuk.account_role
    ADD CONSTRAINT account_role_role_id_fkey FOREIGN KEY (role_id) REFERENCES tiktaktuk.role(role_id) ON UPDATE CASCADE ON DELETE RESTRICT;


--
-- Name: account_role account_role_user_id_fkey; Type: FK CONSTRAINT; Schema: tiktaktuk; Owner: widya.mutia
--

ALTER TABLE ONLY tiktaktuk.account_role
    ADD CONSTRAINT account_role_user_id_fkey FOREIGN KEY (user_id) REFERENCES tiktaktuk.user_account(user_id) ON UPDATE CASCADE ON DELETE CASCADE;


--
-- Name: auth_group_permissions auth_group_permissio_permission_id_84c5c92e_fk_auth_perm; Type: FK CONSTRAINT; Schema: tiktaktuk; Owner: widya.mutia
--

ALTER TABLE ONLY tiktaktuk.auth_group_permissions
    ADD CONSTRAINT auth_group_permissio_permission_id_84c5c92e_fk_auth_perm FOREIGN KEY (permission_id) REFERENCES tiktaktuk.auth_permission(id) DEFERRABLE INITIALLY DEFERRED;


--
-- Name: auth_group_permissions auth_group_permissions_group_id_b120cbf9_fk_auth_group_id; Type: FK CONSTRAINT; Schema: tiktaktuk; Owner: widya.mutia
--

ALTER TABLE ONLY tiktaktuk.auth_group_permissions
    ADD CONSTRAINT auth_group_permissions_group_id_b120cbf9_fk_auth_group_id FOREIGN KEY (group_id) REFERENCES tiktaktuk.auth_group(id) DEFERRABLE INITIALLY DEFERRED;


--
-- Name: auth_permission auth_permission_content_type_id_2f476e4b_fk_django_co; Type: FK CONSTRAINT; Schema: tiktaktuk; Owner: widya.mutia
--

ALTER TABLE ONLY tiktaktuk.auth_permission
    ADD CONSTRAINT auth_permission_content_type_id_2f476e4b_fk_django_co FOREIGN KEY (content_type_id) REFERENCES tiktaktuk.django_content_type(id) DEFERRABLE INITIALLY DEFERRED;


--
-- Name: auth_user_groups auth_user_groups_group_id_97559544_fk_auth_group_id; Type: FK CONSTRAINT; Schema: tiktaktuk; Owner: widya.mutia
--

ALTER TABLE ONLY tiktaktuk.auth_user_groups
    ADD CONSTRAINT auth_user_groups_group_id_97559544_fk_auth_group_id FOREIGN KEY (group_id) REFERENCES tiktaktuk.auth_group(id) DEFERRABLE INITIALLY DEFERRED;


--
-- Name: auth_user_groups auth_user_groups_user_id_6a12ed8b_fk_auth_user_id; Type: FK CONSTRAINT; Schema: tiktaktuk; Owner: widya.mutia
--

ALTER TABLE ONLY tiktaktuk.auth_user_groups
    ADD CONSTRAINT auth_user_groups_user_id_6a12ed8b_fk_auth_user_id FOREIGN KEY (user_id) REFERENCES tiktaktuk.auth_user(id) DEFERRABLE INITIALLY DEFERRED;


--
-- Name: auth_user_user_permissions auth_user_user_permi_permission_id_1fbb5f2c_fk_auth_perm; Type: FK CONSTRAINT; Schema: tiktaktuk; Owner: widya.mutia
--

ALTER TABLE ONLY tiktaktuk.auth_user_user_permissions
    ADD CONSTRAINT auth_user_user_permi_permission_id_1fbb5f2c_fk_auth_perm FOREIGN KEY (permission_id) REFERENCES tiktaktuk.auth_permission(id) DEFERRABLE INITIALLY DEFERRED;


--
-- Name: auth_user_user_permissions auth_user_user_permissions_user_id_a95ead1b_fk_auth_user_id; Type: FK CONSTRAINT; Schema: tiktaktuk; Owner: widya.mutia
--

ALTER TABLE ONLY tiktaktuk.auth_user_user_permissions
    ADD CONSTRAINT auth_user_user_permissions_user_id_a95ead1b_fk_auth_user_id FOREIGN KEY (user_id) REFERENCES tiktaktuk.auth_user(id) DEFERRABLE INITIALLY DEFERRED;


--
-- Name: core_hasrelationship core_hasrelationship_seat_id_fa427182_fk; Type: FK CONSTRAINT; Schema: tiktaktuk; Owner: widya.mutia
--

ALTER TABLE ONLY tiktaktuk.core_hasrelationship
    ADD CONSTRAINT core_hasrelationship_seat_id_fa427182_fk FOREIGN KEY (seat_id) REFERENCES tiktaktuk.core_seat(id) DEFERRABLE INITIALLY DEFERRED;


--
-- Name: core_seat core_seat_venue_id_67bce748_fk; Type: FK CONSTRAINT; Schema: tiktaktuk; Owner: widya.mutia
--

ALTER TABLE ONLY tiktaktuk.core_seat
    ADD CONSTRAINT core_seat_venue_id_67bce748_fk FOREIGN KEY (venue_id) REFERENCES tiktaktuk.core_venue(id) DEFERRABLE INITIALLY DEFERRED;


--
-- Name: customer customer_user_id_fkey; Type: FK CONSTRAINT; Schema: tiktaktuk; Owner: widya.mutia
--

ALTER TABLE ONLY tiktaktuk.customer
    ADD CONSTRAINT customer_user_id_fkey FOREIGN KEY (user_id) REFERENCES tiktaktuk.user_account(user_id) ON UPDATE CASCADE ON DELETE CASCADE;


--
-- Name: django_admin_log django_admin_log_content_type_id_c4bce8eb_fk_django_co; Type: FK CONSTRAINT; Schema: tiktaktuk; Owner: widya.mutia
--

ALTER TABLE ONLY tiktaktuk.django_admin_log
    ADD CONSTRAINT django_admin_log_content_type_id_c4bce8eb_fk_django_co FOREIGN KEY (content_type_id) REFERENCES tiktaktuk.django_content_type(id) DEFERRABLE INITIALLY DEFERRED;


--
-- Name: django_admin_log django_admin_log_user_id_c564eba6_fk_auth_user_id; Type: FK CONSTRAINT; Schema: tiktaktuk; Owner: widya.mutia
--

ALTER TABLE ONLY tiktaktuk.django_admin_log
    ADD CONSTRAINT django_admin_log_user_id_c564eba6_fk_auth_user_id FOREIGN KEY (user_id) REFERENCES tiktaktuk.auth_user(id) DEFERRABLE INITIALLY DEFERRED;


--
-- Name: event_artist event_artist_artist_id_fkey; Type: FK CONSTRAINT; Schema: tiktaktuk; Owner: widya.mutia
--

ALTER TABLE ONLY tiktaktuk.event_artist
    ADD CONSTRAINT event_artist_artist_id_fkey FOREIGN KEY (artist_id) REFERENCES tiktaktuk.artist(artist_id) ON UPDATE CASCADE ON DELETE RESTRICT;


--
-- Name: event_artist event_artist_event_id_fkey; Type: FK CONSTRAINT; Schema: tiktaktuk; Owner: widya.mutia
--

ALTER TABLE ONLY tiktaktuk.event_artist
    ADD CONSTRAINT event_artist_event_id_fkey FOREIGN KEY (event_id) REFERENCES tiktaktuk.event(event_id) ON UPDATE CASCADE ON DELETE CASCADE;


--
-- Name: event event_organizer_id_fkey; Type: FK CONSTRAINT; Schema: tiktaktuk; Owner: widya.mutia
--

ALTER TABLE ONLY tiktaktuk.event
    ADD CONSTRAINT event_organizer_id_fkey FOREIGN KEY (organizer_id) REFERENCES tiktaktuk.organizer(organizer_id) ON UPDATE CASCADE ON DELETE RESTRICT;


--
-- Name: event event_venue_id_fkey; Type: FK CONSTRAINT; Schema: tiktaktuk; Owner: widya.mutia
--

ALTER TABLE ONLY tiktaktuk.event
    ADD CONSTRAINT event_venue_id_fkey FOREIGN KEY (venue_id) REFERENCES tiktaktuk.venue(venue_id) ON UPDATE CASCADE ON DELETE RESTRICT;


--
-- Name: ticket fk_ticket_order; Type: FK CONSTRAINT; Schema: tiktaktuk; Owner: widya.mutia
--

ALTER TABLE ONLY tiktaktuk.ticket
    ADD CONSTRAINT fk_ticket_order FOREIGN KEY (torder_id) REFERENCES tiktaktuk."ORDER"(order_id) ON UPDATE CASCADE ON DELETE RESTRICT;


--
-- Name: has_relationship has_relationship_seat_id_fkey; Type: FK CONSTRAINT; Schema: tiktaktuk; Owner: widya.mutia
--

ALTER TABLE ONLY tiktaktuk.has_relationship
    ADD CONSTRAINT has_relationship_seat_id_fkey FOREIGN KEY (seat_id) REFERENCES tiktaktuk.seat(seat_id) ON UPDATE CASCADE ON DELETE RESTRICT;


--
-- Name: has_relationship has_relationship_ticket_id_fkey; Type: FK CONSTRAINT; Schema: tiktaktuk; Owner: widya.mutia
--

ALTER TABLE ONLY tiktaktuk.has_relationship
    ADD CONSTRAINT has_relationship_ticket_id_fkey FOREIGN KEY (ticket_id) REFERENCES tiktaktuk.ticket(ticket_id) ON UPDATE CASCADE ON DELETE CASCADE;


--
-- Name: order_promotion order_promotion_order_id_fkey; Type: FK CONSTRAINT; Schema: tiktaktuk; Owner: widya.mutia
--

ALTER TABLE ONLY tiktaktuk.order_promotion
    ADD CONSTRAINT order_promotion_order_id_fkey FOREIGN KEY (order_id) REFERENCES tiktaktuk."ORDER"(order_id) ON UPDATE CASCADE ON DELETE CASCADE;


--
-- Name: order_promotion order_promotion_promotion_id_fkey; Type: FK CONSTRAINT; Schema: tiktaktuk; Owner: widya.mutia
--

ALTER TABLE ONLY tiktaktuk.order_promotion
    ADD CONSTRAINT order_promotion_promotion_id_fkey FOREIGN KEY (promotion_id) REFERENCES tiktaktuk.promotion(promotion_id) ON UPDATE CASCADE ON DELETE RESTRICT;


--
-- Name: organizer organizer_user_id_fkey; Type: FK CONSTRAINT; Schema: tiktaktuk; Owner: widya.mutia
--

ALTER TABLE ONLY tiktaktuk.organizer
    ADD CONSTRAINT organizer_user_id_fkey FOREIGN KEY (user_id) REFERENCES tiktaktuk.user_account(user_id) ON UPDATE CASCADE ON DELETE CASCADE;


--
-- Name: seat seat_venue_id_fkey; Type: FK CONSTRAINT; Schema: tiktaktuk; Owner: widya.mutia
--

ALTER TABLE ONLY tiktaktuk.seat
    ADD CONSTRAINT seat_venue_id_fkey FOREIGN KEY (venue_id) REFERENCES tiktaktuk.venue(venue_id) ON UPDATE CASCADE ON DELETE CASCADE;


--
-- Name: ticket_category ticket_category_tevent_id_fkey; Type: FK CONSTRAINT; Schema: tiktaktuk; Owner: widya.mutia
--

ALTER TABLE ONLY tiktaktuk.ticket_category
    ADD CONSTRAINT ticket_category_tevent_id_fkey FOREIGN KEY (tevent_id) REFERENCES tiktaktuk.event(event_id) ON UPDATE CASCADE ON DELETE CASCADE;


--
-- Name: ticket ticket_tcategory_id_fkey; Type: FK CONSTRAINT; Schema: tiktaktuk; Owner: widya.mutia
--

ALTER TABLE ONLY tiktaktuk.ticket
    ADD CONSTRAINT ticket_tcategory_id_fkey FOREIGN KEY (tcategory_id) REFERENCES tiktaktuk.ticket_category(category_id) ON UPDATE CASCADE ON DELETE RESTRICT;


--
-- PostgreSQL database dump complete
--

\unrestrict 5kqj5LxPA6HwH86cpFihO99c9UaSFqi42x1eACutae2u6GOaVsxxXsnGdgbRGYG

