-- DDL --

DROP SCHEMA IF EXISTS TikTakTuk CASCADE;

CREATE SCHEMA TikTakTuk;

SET SEARCH_PATH TO TikTakTuk;

-- CREATE EXTENSION IF NOT EXISTS "uuid-ossp";

CREATE TABLE USER_ACCOUNT (
user_id UUID PRIMARY KEY DEFAULT gen_random_uuid(),
username VARCHAR(100) UNIQUE NOT NULL,
password VARCHAR(255) NOT NULL
);

CREATE TABLE ROLE(
role_id UUID PRIMARY KEY DEFAULT gen_random_uuid(),
role_name VARCHAR(50) UNIQUE NOT NULL
);

CREATE TABLE ACCOUNT_ROLE(
role_id UUID,
user_id UUID,
PRIMARY KEY (role_id, user_id),
FOREIGN KEY (role_id) REFERENCES ROLE(role_id)
ON DELETE RESTRICT ON UPDATE CASCADE,
FOREIGN KEY (user_id) REFERENCES USER_ACCOUNT(user_id)
ON DELETE CASCADE ON UPDATE CASCADE
);

CREATE TABLE CUSTOMER(
customer_id UUID PRIMARY KEY DEFAULT gen_random_uuid(),
full_name VARCHAR(100) NOT NULL,
phone_number VARCHAR(20),
user_id UUID UNIQUE NOT NULL,
FOREIGN KEY (user_id) REFERENCES USER_ACCOUNT(user_id)
ON DELETE CASCADE ON UPDATE CASCADE
);

CREATE TABLE ORGANIZER(
organizer_id UUID PRIMARY KEY DEFAULT gen_random_uuid(),
organizer_name VARCHAR(100) NOT NULL,
contact_email VARCHAR(100),
user_id UUID UNIQUE NOT NULL,
FOREIGN KEY (user_id) REFERENCES USER_ACCOUNT(user_id)
ON DELETE CASCADE ON UPDATE CASCADE
);

CREATE TABLE VENUE(
venue_id UUID PRIMARY KEY DEFAULT gen_random_uuid(),
venue_name VARCHAR(100) NOT NULL,
capacity INTEGER NOT NULL DEFAULT 1,
address TEXT NOT NULL,
city VARCHAR(100) NOT NULL,
jenis_seating VARCHAR(20) NOT NULL,
CONSTRAINT capacity_check CHECK (capacity > 0),
CONSTRAINT jenis_seating_check CHECK (jenis_seating IN ('Free Seating', 'Reserved Seating'))
);

CREATE TABLE SEAT(
seat_id UUID PRIMARY KEY DEFAULT gen_random_uuid(),
section VARCHAR(50) NOT NULL,
seat_number VARCHAR(10) NOT NULL,
row_number VARCHAR(10) NOT NULL,
venue_id UUID NOT NULL,
FOREIGN KEY (venue_id) REFERENCES VENUE(venue_id)
ON DELETE CASCADE ON UPDATE CASCADE
);

CREATE TABLE EVENT(
event_id UUID PRIMARY KEY DEFAULT gen_random_uuid(),
event_datetime TIMESTAMP NOT NULL,
event_title VARCHAR(200) NOT NULL,
venue_id UUID NOT NULL,
organizer_id UUID NOT NULL,
FOREIGN KEY (venue_id) REFERENCES VENUE(venue_id)
ON DELETE RESTRICT ON UPDATE CASCADE,
FOREIGN KEY (organizer_id) REFERENCES ORGANIZER(organizer_id)
ON DELETE RESTRICT ON UPDATE CASCADE
);

CREATE TABLE ARTIST(
artist_id UUID PRIMARY KEY DEFAULT gen_random_uuid(),
name VARCHAR(100) NOT NULL,
genre VARCHAR(100)
);

CREATE TABLE EVENT_ARTIST(
event_id UUID,
artist_id UUID,
role VARCHAR(100),
PRIMARY KEY (event_id, artist_id),
FOREIGN KEY (event_id) REFERENCES EVENT(event_id)
ON DELETE CASCADE ON UPDATE CASCADE,
FOREIGN KEY (artist_id) REFERENCES ARTIST(artist_id)
ON DELETE RESTRICT ON UPDATE CASCADE
);

CREATE TABLE TICKET_CATEGORY(
category_id UUID PRIMARY KEY DEFAULT gen_random_uuid(),
category_name VARCHAR(50) NOT NULL,
quota INTEGER NOT NULL DEFAULT 1,
price NUMERIC(12,2) NOT NULL DEFAULT 0,
tevent_id UUID NOT NULL,
FOREIGN KEY (tevent_id) REFERENCES EVENT(event_id)
ON DELETE CASCADE ON UPDATE CASCADE,
CONSTRAINT quota_check CHECK(quota > 0),
CONSTRAINT price_check CHECK(price >=0)
);

CREATE TABLE "ORDER"(
order_id UUID PRIMARY KEY DEFAULT gen_random_uuid(),
order_date TIMESTAMP NOT NULL,
payment_status VARCHAR(20) NOT NULL,
total_amount NUMERIC(12,2) NOT NULL DEFAULT 0,
customer_id UUID NOT NULL,
FOREIGN KEY (customer_id) REFERENCES CUSTOMER(customer_id)
ON DELETE RESTRICT ON UPDATE CASCADE,
CONSTRAINT totalamount_check CHECK(total_amount >= 0)
);

CREATE TABLE TICKET(
ticket_id UUID PRIMARY KEY DEFAULT gen_random_uuid(),
ticket_code VARCHAR(100) UNIQUE NOT NULL,
tcategory_id UUID NOT NULL,
torder_id UUID NOT NULL,
FOREIGN KEY (tcategory_id) REFERENCES TICKET_CATEGORY(category_id)
ON DELETE RESTRICT ON UPDATE CASCADE,
FOREIGN KEY (torder_id) REFERENCES "ORDER"(order_id)
ON DELETE RESTRICT ON UPDATE CASCADE
);

CREATE TABLE HAS_RELATIONSHIP(
seat_id UUID,
ticket_id UUID,
PRIMARY KEY(seat_id, ticket_id),
FOREIGN KEY (seat_id) REFERENCES SEAT(seat_id)
ON DELETE RESTRICT ON UPDATE CASCADE,
FOREIGN KEY (ticket_id) REFERENCES TICKET(ticket_id)
ON DELETE CASCADE ON UPDATE CASCADE
);

CREATE TABLE PROMOTION(
promotion_id UUID PRIMARY KEY DEFAULT gen_random_uuid(),
promo_code VARCHAR(50) UNIQUE NOT NULL,
discount_type VARCHAR(20) NOT NULL DEFAULT 'NOMINAL',
discount_value NUMERIC(12,2) NOT NULL DEFAULT 1,
start_date DATE NOT NULL,
end_date DATE NOT NULL,
usage_limit INTEGER NOT NULL DEFAULT 1,
CONSTRAINT discounttype_check CHECK(discount_type IN('NOMINAL', 'PERCENTAGE')),
CONSTRAINT discountvalue_check CHECK(discount_value > 0),
CONSTRAINT usagelimit_check CHECK(usage_limit > 0)
);

CREATE TABLE ORDER_PROMOTION(
order_promotion_id UUID PRIMARY KEY DEFAULT gen_random_uuid(),
promotion_id UUID NOT NULL,
order_id UUID NOT NULL,
FOREIGN KEY (promotion_id) REFERENCES PROMOTION(promotion_id)
ON DELETE RESTRICT ON UPDATE CASCADE,
FOREIGN KEY (order_id) REFERENCES "ORDER"(order_id)
ON DELETE CASCADE ON UPDATE CASCADE
);


-- TRIGGERS --

CREATE OR REPLACE FUNCTION check_seat_delete_func() RETURNS trigger
    LANGUAGE plpgsql
    AS $$
BEGIN
    IF EXISTS (SELECT 1 FROM HAS_RELATIONSHIP WHERE seat_id = OLD.seat_id) THEN
        RAISE EXCEPTION 'Kursi % - Baris % No. % tidak dapat dihapus karena sudah terisi.', 
                        OLD.section, OLD.row_number, OLD.seat_number;
    END IF;
    RETURN OLD;
END;
$$;

CREATE OR REPLACE FUNCTION check_ticket_quota_func() RETURNS trigger
    LANGUAGE plpgsql
    AS $$
DECLARE
    v_quota INTEGER;
    v_sold INTEGER;
    v_category_name VARCHAR;
BEGIN
    SELECT quota, category_name INTO v_quota, v_category_name
    FROM TICKET_CATEGORY WHERE category_id = NEW.tcategory_id;
    SELECT COUNT(*) INTO v_sold FROM TICKET WHERE tcategory_id = NEW.tcategory_id;
    IF v_sold >= v_quota THEN
        RAISE EXCEPTION 'Kuota kategori tiket "%%" sudah penuh. Tidak dapat membuat tiket baru.', 
                        v_category_name;
    END IF;
    RETURN NEW;
END;
$$;

CREATE TRIGGER trg_check_seat_delete
    BEFORE DELETE ON SEAT
    FOR EACH ROW EXECUTE FUNCTION check_seat_delete_func();

CREATE TRIGGER trg_check_ticket_quota
    BEFORE INSERT ON TICKET
    FOR EACH ROW EXECUTE FUNCTION check_ticket_quota_func();

-- DML --

INSERT INTO ROLE (role_id, role_name) VALUES
('10000000-0000-0000-0000-000000000001', 'administrator'),
('10000000-0000-0000-0000-000000000002', 'organizer'),
('10000000-0000-0000-0000-000000000003', 'customer');

INSERT INTO USER_ACCOUNT (user_id, username, password) VALUES
('20000000-0000-0000-0000-000000000001', 'adminnaeru', 'pbkdf2_sha256$1200000$Ya1hcXYPkTs6VtOXrJtQ8l$IxSPxplsXMcM7u+NDpMG9twiIHWp7KrS6QmHWI0kEG4='),
('20000000-0000-0000-0000-000000000002', 'adminnabeel', 'pbkdf2_sha256$1200000$Ya1hcXYPkTs6VtOXrJtQ8l$IxSPxplsXMcM7u+NDpMG9twiIHWp7KrS6QmHWI0kEG4='),
('20000000-0000-0000-0000-000000000003', 'organdiwijaya', 'pbkdf2_sha256$1200000$Ya1hcXYPkTs6VtOXrJtQ8l$IxSPxplsXMcM7u+NDpMG9twiIHWp7KrS6QmHWI0kEG4='),
('20000000-0000-0000-0000-000000000004', 'orgjavajazz', 'pbkdf2_sha256$1200000$Ya1hcXYPkTs6VtOXrJtQ8l$IxSPxplsXMcM7u+NDpMG9twiIHWp7KrS6QmHWI0kEG4='),
('20000000-0000-0000-0000-000000000005', 'orgsoundrenaline', 'pbkdf2_sha256$1200000$Ya1hcXYPkTs6VtOXrJtQ8l$IxSPxplsXMcM7u+NDpMG9twiIHWp7KrS6QmHWI0kEG4='),
('20000000-0000-0000-0000-000000000006', 'orgwefest', 'pbkdf2_sha256$1200000$Ya1hcXYPkTs6VtOXrJtQ8l$IxSPxplsXMcM7u+NDpMG9twiIHWp7KrS6QmHWI0kEG4='),
('20000000-0000-0000-0000-000000000007', 'custbudi', 'pbkdf2_sha256$1200000$Ya1hcXYPkTs6VtOXrJtQ8l$IxSPxplsXMcM7u+NDpMG9twiIHWp7KrS6QmHWI0kEG4='),
('20000000-0000-0000-0000-000000000008', 'custsiti', 'pbkdf2_sha256$1200000$Ya1hcXYPkTs6VtOXrJtQ8l$IxSPxplsXMcM7u+NDpMG9twiIHWp7KrS6QmHWI0kEG4='),
('20000000-0000-0000-0000-000000000009', 'custjoko', 'pbkdf2_sha256$1200000$Ya1hcXYPkTs6VtOXrJtQ8l$IxSPxplsXMcM7u+NDpMG9twiIHWp7KrS6QmHWI0kEG4='),
('20000000-0000-0000-0000-000000000010', 'custrini', 'pbkdf2_sha256$1200000$Ya1hcXYPkTs6VtOXrJtQ8l$IxSPxplsXMcM7u+NDpMG9twiIHWp7KrS6QmHWI0kEG4='),
('20000000-0000-0000-0000-000000000011', 'custandi', 'pbkdf2_sha256$1200000$Ya1hcXYPkTs6VtOXrJtQ8l$IxSPxplsXMcM7u+NDpMG9twiIHWp7KrS6QmHWI0kEG4='),
('20000000-0000-0000-0000-000000000012', 'custmaya', 'pbkdf2_sha256$1200000$Ya1hcXYPkTs6VtOXrJtQ8l$IxSPxplsXMcM7u+NDpMG9twiIHWp7KrS6QmHWI0kEG4='),
('20000000-0000-0000-0000-000000000013', 'custeka', 'pbkdf2_sha256$1200000$Ya1hcXYPkTs6VtOXrJtQ8l$IxSPxplsXMcM7u+NDpMG9twiIHWp7KrS6QmHWI0kEG4='),
('20000000-0000-0000-0000-000000000014', 'custluna', 'pbkdf2_sha256$1200000$Ya1hcXYPkTs6VtOXrJtQ8l$IxSPxplsXMcM7u+NDpMG9twiIHWp7KrS6QmHWI0kEG4='),
('20000000-0000-0000-0000-000000000015', 'custzara', 'pbkdf2_sha256$1200000$Ya1hcXYPkTs6VtOXrJtQ8l$IxSPxplsXMcM7u+NDpMG9twiIHWp7KrS6QmHWI0kEG4='),
('20000000-0000-0000-0000-000000000016', 'custtomas', 'pbkdf2_sha256$1200000$Ya1hcXYPkTs6VtOXrJtQ8l$IxSPxplsXMcM7u+NDpMG9twiIHWp7KrS6QmHWI0kEG4=');

INSERT INTO ACCOUNT_ROLE (role_id, user_id) VALUES
('10000000-0000-0000-0000-000000000001', '20000000-0000-0000-0000-000000000001'),
('10000000-0000-0000-0000-000000000001', '20000000-0000-0000-0000-000000000002'),
('10000000-0000-0000-0000-000000000002', '20000000-0000-0000-0000-000000000003'),
('10000000-0000-0000-0000-000000000002', '20000000-0000-0000-0000-000000000004'),
('10000000-0000-0000-0000-000000000002', '20000000-0000-0000-0000-000000000005'),
('10000000-0000-0000-0000-000000000002', '20000000-0000-0000-0000-000000000006'),
('10000000-0000-0000-0000-000000000003', '20000000-0000-0000-0000-000000000007'),
('10000000-0000-0000-0000-000000000003', '20000000-0000-0000-0000-000000000008'),
('10000000-0000-0000-0000-000000000003', '20000000-0000-0000-0000-000000000009'),
('10000000-0000-0000-0000-000000000003', '20000000-0000-0000-0000-000000000010'),
('10000000-0000-0000-0000-000000000003', '20000000-0000-0000-0000-000000000011'),
('10000000-0000-0000-0000-000000000003', '20000000-0000-0000-0000-000000000012'),
('10000000-0000-0000-0000-000000000003', '20000000-0000-0000-0000-000000000013'),
('10000000-0000-0000-0000-000000000003', '20000000-0000-0000-0000-000000000014'),
('10000000-0000-0000-0000-000000000003', '20000000-0000-0000-0000-000000000015'),
('10000000-0000-0000-0000-000000000003', '20000000-0000-0000-0000-000000000016'); 

INSERT INTO CUSTOMER (customer_id, full_name, phone_number, user_id) VALUES
('30000000-0000-0000-0000-000000000001', 'Budi Santoso', '+62812345678', '20000000-0000-0000-0000-000000000007'),
('30000000-0000-0000-0000-000000000002', 'Siti Rahayu', '+62812345679', '20000000-0000-0000-0000-000000000008'),
('30000000-0000-0000-0000-000000000003', 'Joko Susilo', '+62812345680', '20000000-0000-0000-0000-000000000009'),
('30000000-0000-0000-0000-000000000004', 'Rini Wati', '+62812345681', '20000000-0000-0000-0000-000000000010'),
('30000000-0000-0000-0000-000000000005', 'Andi Pratama', '+62812345682', '20000000-0000-0000-0000-000000000011'),
('30000000-0000-0000-0000-000000000006', 'Maya Sari', '+62812345683', '20000000-0000-0000-0000-000000000012'),
('30000000-0000-0000-0000-000000000007', 'Eka Putri', '+62812345684', '20000000-0000-0000-0000-000000000013'),
('30000000-0000-0000-0000-000000000008', 'Luna Wijaya', '+62812345685', '20000000-0000-0000-0000-000000000014'),
('30000000-0000-0000-0000-000000000009', 'Zara Malik', '+62812345686', '20000000-0000-0000-0000-000000000015'),
('30000000-0000-0000-0000-000000000010', 'Tomas Hidayat', '+62812345687', '20000000-0000-0000-0000-000000000016');

INSERT INTO ORGANIZER (organizer_id, organizer_name, contact_email, user_id) VALUES
('40000000-0000-0000-0000-000000000001', 'Andi Wijaya', 'organizer1@example.com', '20000000-0000-0000-0000-000000000003'),
('40000000-0000-0000-0000-000000000002', 'Java Festival Pro', 'info@javafest.com', '20000000-0000-0000-0000-000000000004'),
('40000000-0000-0000-0000-000000000003', 'Soundrenaline Fest', 'contact@sound.com', '20000000-0000-0000-0000-000000000005'),
('40000000-0000-0000-0000-000000000004', 'Ismaya Live', 'hello@ismaya.com', '20000000-0000-0000-0000-000000000006');

INSERT INTO VENUE (venue_id, venue_name, capacity, address, city, jenis_seating) VALUES
('50000000-0000-0000-0000-000000000001', 'Jakarta Convention Center', 5000, 'Jl. Gatot Subroto', 'Jakarta', 'Reserved Seating'),
('50000000-0000-0000-0000-000000000002', 'Taman Impian Jayakarta', 10000, 'Ancol', 'Jakarta', 'Free Seating'),
('50000000-0000-0000-0000-000000000003', 'Bandung Hall Center', 3000, 'Jl. Asia Afrika', 'Bandung', 'Free Seating'),
('50000000-0000-0000-0000-000000000004', 'Istora Senayan', 7000, 'Kompleks GBK', 'Jakarta', 'Reserved Seating'),
('50000000-0000-0000-0000-000000000005', 'Bali Nusa Dua Convention', 4000, 'Nusa Dua', 'Bali', 'Free Seating');

INSERT INTO SEAT (seat_id, section, seat_number, row_number, venue_id) VALUES
('60000000-0000-0000-0000-000000000001', 'WVIP', '1', 'A', '50000000-0000-0000-0000-000000000001'),
('60000000-0000-0000-0000-000000000002', 'WVIP', '2', 'A', '50000000-0000-0000-0000-000000000001'),
('60000000-0000-0000-0000-000000000003', 'WVIP', '3', 'A', '50000000-0000-0000-0000-000000000001'),
('60000000-0000-0000-0000-000000000004', 'VIP', '1', 'B', '50000000-0000-0000-0000-000000000001'),
('60000000-0000-0000-0000-000000000005', 'VIP', '2', 'B', '50000000-0000-0000-0000-000000000001'),
('60000000-0000-0000-0000-000000000006', 'VIP', '3', 'B', '50000000-0000-0000-0000-000000000001'),
('60000000-0000-0000-0000-000000000007', 'Category 1', '1', 'C', '50000000-0000-0000-0000-000000000001'),
('60000000-0000-0000-0000-000000000008', 'Category 1', '2', 'C', '50000000-0000-0000-0000-000000000001'),
('60000000-0000-0000-0000-000000000009', 'Category 1', '3', 'C', '50000000-0000-0000-0000-000000000001'),
('60000000-0000-0000-0000-000000000010', 'Category 1', '4', 'C', '50000000-0000-0000-0000-000000000001'),
('60000000-0000-0000-0000-000000000011', 'Category 2', '1', 'D', '50000000-0000-0000-0000-000000000001'),
('60000000-0000-0000-0000-000000000012', 'Category 2', '2', 'D', '50000000-0000-0000-0000-000000000001'),
('60000000-0000-0000-0000-000000000013', 'Category 2', '3', 'D', '50000000-0000-0000-0000-000000000001'),
('60000000-0000-0000-0000-000000000014', 'Category 2', '4', 'D', '50000000-0000-0000-0000-000000000001'),
('60000000-0000-0000-0000-000000000015', 'Category 2', '5', 'D', '50000000-0000-0000-0000-000000000001'),
('60000000-0000-0000-0000-000000000016', 'VVIP', '1', 'AA', '50000000-0000-0000-0000-000000000004'),
('60000000-0000-0000-0000-000000000017', 'VVIP', '2', 'AA', '50000000-0000-0000-0000-000000000004'),
('60000000-0000-0000-0000-000000000018', 'VVIP', '3', 'AA', '50000000-0000-0000-0000-000000000004'),
('60000000-0000-0000-0000-000000000019', 'VVIP', '4', 'AA', '50000000-0000-0000-0000-000000000004'),
('60000000-0000-0000-0000-000000000020', 'VVIP', '5', 'AA', '50000000-0000-0000-0000-000000000004'),
('60000000-0000-0000-0000-000000000021', 'Tribune', '1', 'BB', '50000000-0000-0000-0000-000000000004'),
('60000000-0000-0000-0000-000000000022', 'Tribune', '2', 'BB', '50000000-0000-0000-0000-000000000004'),
('60000000-0000-0000-0000-000000000023', 'Tribune', '3', 'BB', '50000000-0000-0000-0000-000000000004'),
('60000000-0000-0000-0000-000000000024', 'Tribune', '4', 'BB', '50000000-0000-0000-0000-000000000004'),
('60000000-0000-0000-0000-000000000025', 'Tribune', '5', 'BB', '50000000-0000-0000-0000-000000000004'),
('60000000-0000-0000-0000-000000000026', 'Tribune', '6', 'BB', '50000000-0000-0000-0000-000000000004'),
('60000000-0000-0000-0000-000000000027', 'Tribune', '7', 'BB', '50000000-0000-0000-0000-000000000004'),
('60000000-0000-0000-0000-000000000028', 'Tribune', '8', 'BB', '50000000-0000-0000-0000-000000000004'),
('60000000-0000-0000-0000-000000000029', 'Tribune', '9', 'BB', '50000000-0000-0000-0000-000000000004'),
('60000000-0000-0000-0000-000000000030', 'Tribune', '10', 'BB', '50000000-0000-0000-0000-000000000004');

INSERT INTO ARTIST (artist_id, name, genre) VALUES
('70000000-0000-0000-0000-000000000001', 'Fourtwnty', 'Indie Folk'),
('70000000-0000-0000-0000-000000000002', 'Hindia', 'Indie Pop'),
('70000000-0000-0000-0000-000000000003', 'Tulus', 'Pop'),
('70000000-0000-0000-0000-000000000004', 'Nadin Amizah', 'Folk'),
('70000000-0000-0000-0000-000000000005', 'Pamungkas', 'Singer-Songwriter'),
('70000000-0000-0000-0000-000000000006', 'Raisa', 'R&B / Pop'),
('70000000-0000-0000-0000-000000000007', 'Sheila On 7', 'Pop Rock'),
('70000000-0000-0000-0000-000000000008', 'Dewa 19', 'Rock');

INSERT INTO EVENT (event_id, event_datetime, event_title, venue_id, organizer_id) VALUES
('80000000-0000-0000-0000-000000000001', '2026-06-15 19:00:00', 'Konser Melodi Senja', '50000000-0000-0000-0000-000000000001', '40000000-0000-0000-0000-000000000001'),
('80000000-0000-0000-0000-000000000002', '2026-07-22 10:00:00', 'Festival Seni Budaya', '50000000-0000-0000-0000-000000000002', '40000000-0000-0000-0000-000000000001'),
('80000000-0000-0000-0000-000000000003', '2026-08-10 18:00:00', 'Malam Akustik Bandung', '50000000-0000-0000-0000-000000000003', '40000000-0000-0000-0000-000000000001'),
('80000000-0000-0000-0000-000000000004', '2026-09-05 16:00:00', 'Java Jazz Special Edition', '50000000-0000-0000-0000-000000000004', '40000000-0000-0000-0000-000000000002'),
('80000000-0000-0000-0000-000000000005', '2026-10-12 14:00:00', 'Soundrenaline Revival', '50000000-0000-0000-0000-000000000005', '40000000-0000-0000-0000-000000000003'),
('80000000-0000-0000-0000-000000000006', '2026-11-20 20:00:00', 'We The Fest Opening', '50000000-0000-0000-0000-000000000004', '40000000-0000-0000-0000-000000000004');

INSERT INTO EVENT_ARTIST (event_id, artist_id, role) VALUES
('80000000-0000-0000-0000-000000000001', '70000000-0000-0000-0000-000000000001', 'Main Performer'),
('80000000-0000-0000-0000-000000000001', '70000000-0000-0000-0000-000000000002', 'Opening Act'),
('80000000-0000-0000-0000-000000000002', '70000000-0000-0000-0000-000000000003', 'Main Performer'),
('80000000-0000-0000-0000-000000000002', '70000000-0000-0000-0000-000000000004', 'Guest Star'),
('80000000-0000-0000-0000-000000000003', '70000000-0000-0000-0000-000000000005', 'Main Performer'),
('80000000-0000-0000-0000-000000000003', '70000000-0000-0000-0000-000000000006', 'Main Performer'),
('80000000-0000-0000-0000-000000000004', '70000000-0000-0000-0000-000000000007', 'Headliner'),
('80000000-0000-0000-0000-000000000004', '70000000-0000-0000-0000-000000000008', 'Co-Headliner'),
('80000000-0000-0000-0000-000000000005', '70000000-0000-0000-0000-000000000008', 'Main Performer'),
('80000000-0000-0000-0000-000000000005', '70000000-0000-0000-0000-000000000001', 'Guest Star'),
('80000000-0000-0000-0000-000000000006', '70000000-0000-0000-0000-000000000006', 'Headliner'),
('80000000-0000-0000-0000-000000000006', '70000000-0000-0000-0000-000000000002', 'Opening Act');

INSERT INTO TICKET_CATEGORY (category_id, category_name, quota, price, tevent_id) VALUES
('90000000-0000-0000-0000-000000000001', 'WVIP', 50, 1500000, '80000000-0000-0000-0000-000000000001'),
('90000000-0000-0000-0000-000000000002', 'VIP', 150, 750000, '80000000-0000-0000-0000-000000000001'),
('90000000-0000-0000-0000-000000000003', 'Category 1', 300, 450000, '80000000-0000-0000-0000-000000000001'),
('90000000-0000-0000-0000-000000000004', 'Category 2', 500, 250000, '80000000-0000-0000-0000-000000000001'),
('90000000-0000-0000-0000-000000000005', 'General Admission', 500, 150000, '80000000-0000-0000-0000-000000000002'),
('90000000-0000-0000-0000-000000000006', 'VVIP', 30, 2000000, '80000000-0000-0000-0000-000000000003'),
('90000000-0000-0000-0000-000000000007', 'VIP', 100, 900000, '80000000-0000-0000-0000-000000000003'),
('90000000-0000-0000-0000-000000000008', 'Regular', 400, 350000, '80000000-0000-0000-0000-000000000003'),
('90000000-0000-0000-0000-000000000009', 'Festival A', 1000, 500000, '80000000-0000-0000-0000-000000000004'),
('90000000-0000-0000-0000-000000000010', 'Festival B', 1500, 350000, '80000000-0000-0000-0000-000000000004'),
('90000000-0000-0000-0000-000000000011', 'Early Bird', 200, 250000, '80000000-0000-0000-0000-000000000005'),
('90000000-0000-0000-0000-000000000012', 'Presale 1', 500, 300000, '80000000-0000-0000-0000-000000000005'),
('90000000-0000-0000-0000-000000000013', 'Normal', 800, 400000, '80000000-0000-0000-0000-000000000005'),
('90000000-0000-0000-0000-000000000014', 'GA 3-Day Pass', 500, 1200000, '80000000-0000-0000-0000-000000000006');

INSERT INTO PROMOTION (promotion_id, promo_code, discount_type, discount_value, start_date, end_date, usage_limit) VALUES
('a0000000-0000-0000-0000-000000000001', 'TIKTAK20', 'PERCENTAGE', 20.00, '2026-01-01', '2026-12-31', 100),
('a0000000-0000-0000-0000-000000000002', 'HEMAT50K', 'NOMINAL', 50000.00, '2026-01-01', '2026-12-31', 50),
('a0000000-0000-0000-0000-000000000003', 'NEWUSER30', 'PERCENTAGE', 30.00, '2026-03-01', '2026-06-30', 200),
('a0000000-0000-0000-0000-000000000004', 'PAYDAY100K', 'NOMINAL', 100000.00, '2026-05-25', '2026-05-30', 150),
('a0000000-0000-0000-0000-000000000005', 'FESTIVALSERU', 'PERCENTAGE', 15.00, '2026-06-01', '2026-08-31', 300),
('a0000000-0000-0000-0000-000000000006', 'FLASH10', 'PERCENTAGE', 10.00, '2026-04-10', '2026-04-15', 500);

INSERT INTO "ORDER" (order_id, order_date, payment_status, total_amount, customer_id) VALUES
('b0000000-0000-0000-0000-000000000001', '2026-04-10 14:32:00', 'LUNAS', 1200000.00, '30000000-0000-0000-0000-000000000001'),
('b0000000-0000-0000-0000-000000000002', '2026-04-11 09:15:00', 'LUNAS', 150000.00, '30000000-0000-0000-0000-000000000001'),
('b0000000-0000-0000-0000-000000000003', '2026-04-12 18:44:00', 'PENDING', 1500000.00, '30000000-0000-0000-0000-000000000002'),
('b0000000-0000-0000-0000-000000000004', '2026-04-13 11:00:00', 'DIBATALKAN', 700000.00, '30000000-0000-0000-0000-000000000002'),
('b0000000-0000-0000-0000-000000000005', '2026-04-14 10:20:00', 'LUNAS', 900000.00, '30000000-0000-0000-0000-000000000003'),
('b0000000-0000-0000-0000-000000000006', '2026-04-15 15:30:00', 'LUNAS', 500000.00, '30000000-0000-0000-0000-000000000003'),
('b0000000-0000-0000-0000-000000000007', '2026-04-16 08:45:00', 'PENDING', 250000.00, '30000000-0000-0000-0000-000000000004'),
('b0000000-0000-0000-0000-000000000008', '2026-04-17 12:10:00', 'LUNAS', 1200000.00, '30000000-0000-0000-0000-000000000004'),
('b0000000-0000-0000-0000-000000000009', '2026-04-18 19:25:00', 'LUNAS', 450000.00, '30000000-0000-0000-0000-000000000005'),
('b0000000-0000-0000-0000-000000000010', '2026-04-19 14:05:00', 'DIBATALKAN', 300000.00, '30000000-0000-0000-0000-000000000005'),
('b0000000-0000-0000-0000-000000000011', '2026-04-20 21:50:00', 'LUNAS', 2000000.00, '30000000-0000-0000-0000-000000000006'),
('b0000000-0000-0000-0000-000000000012', '2026-04-21 07:15:00', 'PENDING', 150000.00, '30000000-0000-0000-0000-000000000006');

INSERT INTO ORDER_PROMOTION (order_promotion_id, promotion_id, order_id) VALUES
('d0000000-0000-0000-0000-000000000001', 'a0000000-0000-0000-0000-000000000001', 'b0000000-0000-0000-0000-000000000001'),
('d0000000-0000-0000-0000-000000000002', 'a0000000-0000-0000-0000-000000000002', 'b0000000-0000-0000-0000-000000000005'),
('d0000000-0000-0000-0000-000000000003', 'a0000000-0000-0000-0000-000000000003', 'b0000000-0000-0000-0000-000000000008'),
('d0000000-0000-0000-0000-000000000004', 'a0000000-0000-0000-0000-000000000004', 'b0000000-0000-0000-0000-000000000011'),
('d0000000-0000-0000-0000-000000000005', 'a0000000-0000-0000-0000-000000000006', 'b0000000-0000-0000-0000-000000000009');

INSERT INTO TICKET (ticket_id, ticket_code, tcategory_id, torder_id) VALUES
('c0000000-0000-0000-0000-000000000001', 'TTK-EVT001-WVIP-001', '90000000-0000-0000-0000-000000000001', 'b0000000-0000-0000-0000-000000000001'),
('c0000000-0000-0000-0000-000000000002', 'TTK-EVT001-WVIP-002', '90000000-0000-0000-0000-000000000001', 'b0000000-0000-0000-0000-000000000001'),
('c0000000-0000-0000-0000-000000000003', 'TTK-EVT002-GEN-001', '90000000-0000-0000-0000-000000000005', 'b0000000-0000-0000-0000-000000000002'),
('c0000000-0000-0000-0000-000000000004', 'TTK-EVT001-VIP-001', '90000000-0000-0000-0000-000000000002', 'b0000000-0000-0000-0000-000000000003'),
('c0000000-0000-0000-0000-000000000005', 'TTK-EVT001-VIP-002', '90000000-0000-0000-0000-000000000002', 'b0000000-0000-0000-0000-000000000003'),
('c0000000-0000-0000-0000-000000000006', 'TTK-EVT003-REG-001', '90000000-0000-0000-0000-000000000008', 'b0000000-0000-0000-0000-000000000004'),
('c0000000-0000-0000-0000-000000000007', 'TTK-EVT003-REG-002', '90000000-0000-0000-0000-000000000008', 'b0000000-0000-0000-0000-000000000004'),
('c0000000-0000-0000-0000-000000000008', 'TTK-EVT001-CAT1-001', '90000000-0000-0000-0000-000000000003', 'b0000000-0000-0000-0000-000000000005'),
('c0000000-0000-0000-0000-000000000009', 'TTK-EVT001-CAT1-002', '90000000-0000-0000-0000-000000000003', 'b0000000-0000-0000-0000-000000000005'),
('c0000000-0000-0000-0000-000000000010', 'TTK-EVT004-FESTA-001', '90000000-0000-0000-0000-000000000009', 'b0000000-0000-0000-0000-000000000006'),
('c0000000-0000-0000-0000-000000000011', 'TTK-EVT005-EB-001', '90000000-0000-0000-0000-000000000011', 'b0000000-0000-0000-0000-000000000007'),
('c0000000-0000-0000-0000-000000000012', 'TTK-EVT006-GA-001', '90000000-0000-0000-0000-000000000014', 'b0000000-0000-0000-0000-000000000008'),
('c0000000-0000-0000-0000-000000000013', 'TTK-EVT001-CAT1-003', '90000000-0000-0000-0000-000000000003', 'b0000000-0000-0000-0000-000000000009'),
('c0000000-0000-0000-0000-000000000014', 'TTK-EVT005-PRE-001', '90000000-0000-0000-0000-000000000012', 'b0000000-0000-0000-0000-000000000010'),
('c0000000-0000-0000-0000-000000000015', 'TTK-EVT003-VVIP-001', '90000000-0000-0000-0000-000000000006', 'b0000000-0000-0000-0000-000000000011'),
('c0000000-0000-0000-0000-000000000016', 'TTK-EVT002-GEN-002', '90000000-0000-0000-0000-000000000005', 'b0000000-0000-0000-0000-000000000012'),
('c0000000-0000-0000-0000-000000000017', 'TTK-EVT001-CAT2-001', '90000000-0000-0000-0000-000000000004', 'b0000000-0000-0000-0000-000000000008'),
('c0000000-0000-0000-0000-000000000018', 'TTK-EVT001-CAT2-002', '90000000-0000-0000-0000-000000000004', 'b0000000-0000-0000-0000-000000000008'),
('c0000000-0000-0000-0000-000000000019', 'TTK-EVT001-VIP-003', '90000000-0000-0000-0000-000000000002', 'b0000000-0000-0000-0000-000000000011'),
('c0000000-0000-0000-0000-000000000020', 'TTK-EVT001-VIP-004', '90000000-0000-0000-0000-000000000002', 'b0000000-0000-0000-0000-000000000011');

INSERT INTO HAS_RELATIONSHIP (seat_id, ticket_id) VALUES
('60000000-0000-0000-0000-000000000001', 'c0000000-0000-0000-0000-000000000001'), 
('60000000-0000-0000-0000-000000000002', 'c0000000-0000-0000-0000-000000000002'), 
('60000000-0000-0000-0000-000000000004', 'c0000000-0000-0000-0000-000000000004'), 
('60000000-0000-0000-0000-000000000005', 'c0000000-0000-0000-0000-000000000005'), 
('60000000-0000-0000-0000-000000000007', 'c0000000-0000-0000-0000-000000000008'), 
('60000000-0000-0000-0000-000000000008', 'c0000000-0000-0000-0000-000000000009'), 
('60000000-0000-0000-0000-000000000009', 'c0000000-0000-0000-0000-000000000013'), 
('60000000-0000-0000-0000-000000000011', 'c0000000-0000-0000-0000-000000000017'), 
('60000000-0000-0000-0000-000000000012', 'c0000000-0000-0000-0000-000000000018'), 
('60000000-0000-0000-0000-000000000006', 'c0000000-0000-0000-0000-000000000019');